Image,percentage
blr_1-1.jpg,0.39
blr_1-10.jpg,9.23
blr_1-11.jpg,9.24
blr_1-12.jpg,1.12
blr_1-13.jpg,2.01
blr_1-14.jpg,1.28
blr_1-15.jpg,0.03
blr_1-16.jpg,2.21
blr_1-17.jpg,5.06
blr_1-18.jpg,8.73
blr_1-19.jpg,2.43
blr_1-2.jpg,0.31
blr_1-20.jpg,5.61
blr_1-21.jpg,4.08
blr_1-22.jpg,0.22
blr_1-23.jpg,1.37
blr_1-24.jpg,2.56
blr_1-25.jpg,1.19
blr_75-64.jpg,0.88
blr_75-65.jpg,2.01
blr_75-66.jpg,17.14
blr_75-7.jpg,0.48
blr_75-8.jpg,1.15
blr_75-9.jpg,1.72
blr_76-1.jpg,1.27
blr_76-10.jpg,7.45
blr_76-11.jpg,6.91
blr_76-12.jpg,6.03
blr_76-13.jpg,8.54
blr_76-14.jpg,12.18
blr_76-15.jpg,28.33
blr_76-16.jpg,22.28
blr_76-17.jpg,31.54
blr_76-18.jpg,11.0
blr_76-19.jpg,3.22
blr_76-2.jpg,1.96
blr_76-20.jpg,8.24
blr_76-21.jpg,7.68
blr_76-22.jpg,6.09
blr_76-23.jpg,14.43
blr_76-24.jpg,31.57
blr_76-25.jpg,34.11
blr_76-26.jpg,38.06
blr_76-27.jpg,43.33
blr_76-28.jpg,36.8
blr_76-29.jpg,54.37
blr_76-3.jpg,2.1
blr_76-30.jpg,58.27
blr_76-31.jpg,82.22
blr_76-32.jpg,43.61
blr_74-33.jpg,3.45
blr_74-34.jpg,2.69
blr_74-35.jpg,2.94
blr_74-36.jpg,15.05
blr_74-37.jpg,68.28
blr_74-38.jpg,35.55
blr_74-39.jpg,11.84
blr_74-4.jpg,0.0
blr_74-40.jpg,8.89
blr_74-41.jpg,0.62
blr_74-42.jpg,0.77
blr_74-43.jpg,3.31
blr_74-44.jpg,2.6
blr_74-45.jpg,3.16
blr_74-46.jpg,0.89
blr_74-47.jpg,0.76
blr_74-48.jpg,1.01
blr_74-49.jpg,0.38
blr_74-5.jpg,0.31
blr_74-50.jpg,0.39
blr_74-51.jpg,8.56
blr_74-52.jpg,5.78
blr_74-53.jpg,1.32
blr_74-54.jpg,2.1
blr_74-55.jpg,3.55
blr_74-56.jpg,5.83
blr_74-57.jpg,1.27
blr_74-58.jpg,1.44
blr_74-59.jpg,3.44
blr_74-6.jpg,0.85
blr_74-60.jpg,4.02
blr_74-61.jpg,7.04
blr_74-62.jpg,2.15
blr_72-18.jpg,0.42
blr_72-19.jpg,5.47
blr_72-2.jpg,1.19
blr_72-20.jpg,13.18
blr_72-21.jpg,1.59
blr_72-22.jpg,4.65
blr_72-23.jpg,4.47
blr_72-24.jpg,1.15
blr_72-25.jpg,15.35
blr_72-26.jpg,8.02
blr_72-27.jpg,19.3
blr_72-28.jpg,2.14
blr_72-29.jpg,2.37
blr_72-3.jpg,4.3
blr_72-30.jpg,4.13
blr_72-31.jpg,6.6
blr_72-32.jpg,15.26
blr_1-26.jpg,6.3
blr_1-43.jpg,2.15
blr_1-65.jpg,59.96
blr_10-36.jpg,9.73
blr_10-56.jpg,4.18
blr_11-15.jpg,0.5
blr_11-34.jpg,2.54
blr_11-59.jpg,3.13
blr_12-18.jpg,15.85
blr_12-38.jpg,0.64
blr_12-8.jpg,4.12
blr_13-25.jpg,0.23
blr_13-45.jpg,0.6
blr_14-13.jpg,1.16
blr_14-32.jpg,4.38
blr_14-53.jpg,2.72
blr_15-12.jpg,9.64
blr_69-62.jpg,23.72
blr_69-63.jpg,11.11
blr_69-64.jpg,3.29
blr_69-65.jpg,2.6
blr_69-66.jpg,0.2
blr_69-7.jpg,5.14
blr_69-8.jpg,14.54
blr_69-9.jpg,24.63
blr_7-1.jpg,0.89
blr_7-10.jpg,3.97
blr_7-11.jpg,2.72
blr_7-12.jpg,1.52
blr_7-13.jpg,2.3
blr_7-14.jpg,0.71
blr_7-15.jpg,4.9
blr_7-16.jpg,12.0
blr_7-17.jpg,2.7
blr_7-18.jpg,4.38
blr_7-19.jpg,6.03
blr_7-2.jpg,4.59
blr_73-25.jpg,11.75
blr_73-26.jpg,6.96
blr_73-27.jpg,11.09
blr_73-28.jpg,7.27
blr_73-29.jpg,5.73
blr_73-3.jpg,0.02
blr_73-30.jpg,7.81
blr_73-31.jpg,11.31
blr_73-32.jpg,19.62
blr_73-33.jpg,1.93
blr_73-34.jpg,2.08
blr_73-35.jpg,2.66
blr_73-36.jpg,4.16
blr_73-37.jpg,50.86
blr_73-38.jpg,79.33
blr_73-39.jpg,22.58
blr_73-4.jpg,1.82
blr_73-40.jpg,10.71
blr_66-53.jpg,0.72
blr_66-54.jpg,1.27
blr_66-55.jpg,1.75
blr_66-56.jpg,6.63
blr_66-57.jpg,4.52
blr_66-58.jpg,4.81
blr_66-59.jpg,6.33
blr_66-6.jpg,0.02
blr_66-60.jpg,4.46
blr_66-61.jpg,1.47
blr_66-62.jpg,5.23
blr_66-63.jpg,14.45
blr_66-64.jpg,80.39
blr_66-65.jpg,16.79
blr_66-66.jpg,5.4
blr_66-7.jpg,0.73
blr_66-8.jpg,29.55
blr_66-9.jpg,21.39
blr_67-1.jpg,1.57
blr_75-32.jpg,14.72
blr_75-33.jpg,2.3
blr_75-34.jpg,6.02
blr_75-35.jpg,8.56
blr_75-36.jpg,22.07
blr_75-37.jpg,44.0
blr_75-38.jpg,14.33
blr_75-39.jpg,5.57
blr_75-4.jpg,1.72
blr_75-40.jpg,7.09
blr_75-41.jpg,5.1
blr_75-42.jpg,1.99
blr_75-43.jpg,1.74
blr_75-44.jpg,0.22
blr_75-45.jpg,1.57
blr_75-46.jpg,2.11
blr_75-47.jpg,2.19
blr_75-48.jpg,0.14
blr_75-49.jpg,0.1
blr_75-5.jpg,4.19
blr_75-50.jpg,0.52
blr_75-51.jpg,0.7
blr_75-52.jpg,5.64
blr_75-53.jpg,0.33
blr_75-54.jpg,7.9
blr_75-55.jpg,3.64
blr_75-56.jpg,1.93
blr_75-57.jpg,0.36
blr_75-58.jpg,1.95
blr_75-59.jpg,9.48
blr_75-6.jpg,1.57
blr_75-60.jpg,1.79
blr_75-61.jpg,1.22
blr_75-62.jpg,0.63
blr_64-33.jpg,35.4
blr_64-34.jpg,24.23
blr_64-35.jpg,15.48
blr_64-36.jpg,13.61
blr_64-37.jpg,21.0
blr_64-38.jpg,12.64
blr_64-39.jpg,3.39
blr_64-4.jpg,10.47
blr_64-40.jpg,6.12
blr_64-41.jpg,13.54
blr_64-42.jpg,15.77
blr_64-43.jpg,8.02
blr_64-44.jpg,5.13
blr_64-45.jpg,6.45
blr_64-46.jpg,14.18
blr_64-47.jpg,11.3
blr_64-48.jpg,6.3
blr_64-49.jpg,5.15
blr_64-5.jpg,7.49
blr_64-50.jpg,1.65
blr_60-12.jpg,3.97
blr_60-13.jpg,3.79
blr_60-14.jpg,6.82
blr_60-15.jpg,8.79
blr_60-16.jpg,1.89
blr_60-17.jpg,12.66
blr_60-18.jpg,11.58
blr_60-19.jpg,8.04
blr_60-2.jpg,3.49
blr_60-20.jpg,61.21
blr_60-21.jpg,51.05
blr_60-22.jpg,2.9
blr_60-23.jpg,1.2
blr_60-24.jpg,7.1
blr_60-25.jpg,0.45
blr_60-26.jpg,2.49
blr_60-27.jpg,68.85
blr_60-28.jpg,39.71
blr_60-29.jpg,29.56
blr_60-3.jpg,3.37
blr_60-30.jpg,11.78
blr_60-31.jpg,4.17
blr_60-32.jpg,7.23
blr_60-33.jpg,6.96
blr_60-34.jpg,24.31
blr_60-35.jpg,4.65
blr_60-36.jpg,30.41
blr_60-37.jpg,32.04
blr_60-38.jpg,19.22
blr_60-39.jpg,11.73
blr_60-4.jpg,3.1
blr_60-40.jpg,17.38
blr_60-41.jpg,7.98
blr_68-22.jpg,12.25
blr_68-23.jpg,12.7
blr_68-24.jpg,25.55
blr_68-25.jpg,84.23
blr_68-26.jpg,44.03
blr_68-27.jpg,3.69
blr_68-28.jpg,5.02
blr_68-29.jpg,14.55
blr_68-3.jpg,24.07
blr_68-30.jpg,17.98
blr_68-31.jpg,33.6
blr_68-32.jpg,19.44
blr_68-33.jpg,13.4
blr_68-34.jpg,14.92
blr_68-35.jpg,3.49
blr_68-36.jpg,10.15
blr_68-37.jpg,13.31
blr_68-38.jpg,16.47
blr_68-39.jpg,49.27
blr_68-4.jpg,7.51
blr_68-40.jpg,93.31
blr_68-41.jpg,14.01
blr_68-42.jpg,5.27
blr_68-43.jpg,1.63
blr_68-44.jpg,1.73
blr_68-45.jpg,2.45
blr_68-46.jpg,1.54
blr_68-47.jpg,9.63
blr_68-48.jpg,2.7
blr_57-6.jpg,0.03
blr_57-60.jpg,5.51
blr_57-61.jpg,12.14
blr_57-62.jpg,17.03
blr_57-63.jpg,5.59
blr_57-64.jpg,10.33
blr_57-65.jpg,5.59
blr_57-66.jpg,3.61
blr_57-7.jpg,2.44
blr_57-8.jpg,4.28
blr_57-9.jpg,0.45
blr_58-1.jpg,0.0
blr_58-10.jpg,0.58
blr_58-11.jpg,3.94
blr_58-12.jpg,3.32
blr_58-13.jpg,2.74
blr_58-14.jpg,6.0
blr_58-15.jpg,7.38
blr_58-16.jpg,3.51
blr_62-25.jpg,11.42
blr_62-26.jpg,47.51
blr_62-27.jpg,9.71
blr_62-28.jpg,4.31
blr_62-29.jpg,4.32
blr_62-3.jpg,2.5
blr_62-30.jpg,19.12
blr_62-31.jpg,13.91
blr_62-32.jpg,9.01
blr_62-33.jpg,18.44
blr_62-34.jpg,17.07
blr_62-35.jpg,13.96
blr_62-36.jpg,10.4
blr_62-37.jpg,15.77
blr_62-38.jpg,7.9
blr_62-39.jpg,5.49
blr_62-4.jpg,9.42
blr_65-50.jpg,7.91
blr_65-51.jpg,1.7
blr_65-52.jpg,0.15
blr_65-53.jpg,1.02
blr_65-54.jpg,2.22
blr_65-55.jpg,3.56
blr_65-56.jpg,10.67
blr_65-57.jpg,8.17
blr_65-58.jpg,25.47
blr_65-59.jpg,24.01
blr_65-6.jpg,0.76
blr_65-60.jpg,8.01
blr_65-61.jpg,3.46
blr_65-62.jpg,1.72
blr_65-63.jpg,7.64
blr_65-64.jpg,19.81
blr_65-65.jpg,31.32
blr_70-56.jpg,0.86
blr_70-57.jpg,1.07
blr_70-58.jpg,1.25
blr_70-59.jpg,1.63
blr_70-6.jpg,4.19
blr_70-60.jpg,1.7
blr_70-61.jpg,3.84
blr_70-62.jpg,2.74
blr_70-63.jpg,4.53
blr_70-64.jpg,1.51
blr_70-65.jpg,1.01
blr_70-66.jpg,1.63
blr_70-7.jpg,0.2
blr_70-8.jpg,2.33
blr_70-9.jpg,3.28
blr_71-1.jpg,0.53
blr_71-10.jpg,1.93
blr_76-34.jpg,45.12
blr_76-35.jpg,63.42
blr_76-36.jpg,54.28
blr_76-37.jpg,19.52
blr_76-38.jpg,2.24
blr_76-39.jpg,3.89
blr_76-4.jpg,3.11
blr_76-40.jpg,7.9
blr_76-41.jpg,2.8
blr_76-42.jpg,4.41
blr_76-43.jpg,6.4
blr_76-44.jpg,2.78
blr_76-45.jpg,1.64
blr_76-46.jpg,5.66
blr_76-47.jpg,5.94
blr_76-48.jpg,0.35
blr_76-49.jpg,0.05
blr_76-5.jpg,1.91
blr_69-10.jpg,15.72
blr_69-11.jpg,1.63
blr_69-12.jpg,0.97
blr_69-13.jpg,0.54
blr_69-14.jpg,6.39
blr_69-15.jpg,6.12
blr_69-16.jpg,4.7
blr_69-17.jpg,3.5
blr_69-18.jpg,19.68
blr_69-19.jpg,6.58
blr_69-2.jpg,1.88
blr_69-20.jpg,3.03
blr_69-21.jpg,9.43
blr_69-22.jpg,11.75
blr_69-23.jpg,3.51
blr_69-24.jpg,7.6
blr_69-25.jpg,29.75
blr_69-26.jpg,46.34
blr_69-27.jpg,9.84
blr_69-28.jpg,6.15
blr_69-29.jpg,2.97
blr_69-3.jpg,2.2
blr_69-30.jpg,5.07
blr_69-31.jpg,34.47
blr_69-32.jpg,34.04
blr_69-33.jpg,31.7
blr_69-34.jpg,51.22
blr_56-7.jpg,1.4
blr_56-8.jpg,0.51
blr_56-9.jpg,0.67
blr_57-1.jpg,1.31
blr_57-10.jpg,0.4
blr_57-11.jpg,0.01
blr_57-12.jpg,1.67
blr_57-13.jpg,0.3
blr_57-14.jpg,15.53
blr_57-15.jpg,12.33
blr_57-16.jpg,4.95
blr_57-17.jpg,7.3
blr_57-18.jpg,4.32
blr_57-19.jpg,5.82
blr_57-2.jpg,0.12
blr_57-20.jpg,16.54
blr_57-21.jpg,5.58
blr_57-22.jpg,1.33
blr_57-23.jpg,1.92
blr_57-24.jpg,1.68
blr_57-25.jpg,0.91
blr_57-26.jpg,0.9
blr_57-27.jpg,2.17
blr_57-28.jpg,8.1
blr_57-29.jpg,4.1
blr_57-3.jpg,4.65
blr_57-30.jpg,2.84
blr_57-31.jpg,2.31
blr_57-32.jpg,6.0
blr_57-33.jpg,19.1
blr_57-34.jpg,3.43
blr_57-35.jpg,3.71
blr_57-36.jpg,2.04
blr_63-24.jpg,1.58
blr_63-25.jpg,10.35
blr_63-26.jpg,12.45
blr_63-27.jpg,3.62
blr_63-28.jpg,2.14
blr_63-29.jpg,5.68
blr_63-3.jpg,3.4
blr_63-30.jpg,13.3
blr_63-31.jpg,25.56
blr_63-32.jpg,18.62
blr_63-33.jpg,21.07
blr_63-34.jpg,13.65
blr_63-35.jpg,4.13
blr_63-36.jpg,21.23
blr_63-37.jpg,17.61
blr_63-38.jpg,7.99
blr_63-39.jpg,3.64
blr_63-4.jpg,4.19
blr_63-40.jpg,7.52
blr_63-41.jpg,14.14
blr_63-42.jpg,9.75
blr_63-43.jpg,13.09
blr_63-44.jpg,2.27
blr_60-66.jpg,24.87
blr_60-7.jpg,2.6
blr_60-8.jpg,1.58
blr_60-9.jpg,0.28
blr_61-1.jpg,2.42
blr_61-10.jpg,3.1
blr_61-11.jpg,0.19
blr_61-12.jpg,2.07
blr_61-13.jpg,2.7
blr_61-14.jpg,0.37
blr_61-15.jpg,3.72
blr_61-16.jpg,4.69
blr_61-17.jpg,19.58
blr_61-18.jpg,11.31
blr_61-19.jpg,10.92
blr_61-2.jpg,2.56
blr_61-20.jpg,50.84
blr_61-21.jpg,45.96
blr_61-22.jpg,0.83
blr_61-23.jpg,8.04
blr_61-24.jpg,1.58
blr_61-25.jpg,2.29
blr_59-12.jpg,4.56
blr_59-13.jpg,7.71
blr_59-14.jpg,6.35
blr_59-15.jpg,4.99
blr_59-16.jpg,7.01
blr_59-17.jpg,11.11
blr_59-18.jpg,35.1
blr_59-19.jpg,10.39
blr_59-2.jpg,0.14
blr_59-20.jpg,78.19
blr_59-21.jpg,31.42
blr_59-22.jpg,1.56
blr_59-23.jpg,2.06
blr_59-24.jpg,3.87
blr_59-25.jpg,2.21
blr_59-26.jpg,1.82
blr_59-27.jpg,43.34
blr_59-28.jpg,50.22
blr_59-29.jpg,24.9
blr_59-3.jpg,3.3
blr_59-30.jpg,2.87
blr_59-31.jpg,8.38
blr_59-32.jpg,25.78
blr_59-33.jpg,4.01
blr_59-34.jpg,6.75
blr_59-35.jpg,10.54
blr_59-36.jpg,16.49
blr_59-37.jpg,39.68
blr_59-38.jpg,24.84
blr_59-39.jpg,5.99
blr_59-4.jpg,7.81
blr_59-40.jpg,9.49
blr_59-41.jpg,5.82
blr_59-42.jpg,11.84
blr_59-43.jpg,19.01
blr_73-6.jpg,0.35
blr_73-60.jpg,1.01
blr_73-61.jpg,0.34
blr_73-62.jpg,1.62
blr_73-63.jpg,2.22
blr_73-64.jpg,4.87
blr_73-65.jpg,5.88
blr_73-66.jpg,2.35
blr_73-7.jpg,0.05
blr_73-8.jpg,2.81
blr_73-9.jpg,0.76
blr_74-1.jpg,0.8
blr_74-10.jpg,0.3
blr_74-11.jpg,0.53
blr_74-12.jpg,2.87
blr_74-13.jpg,0.25
blr_74-14.jpg,54.59
blr_74-15.jpg,23.16
blr_55-49.jpg,25.0
blr_55-5.jpg,0.53
blr_55-50.jpg,7.2
blr_55-51.jpg,13.69
blr_55-52.jpg,26.87
blr_55-53.jpg,2.84
blr_55-54.jpg,14.78
blr_55-55.jpg,9.88
blr_55-56.jpg,17.08
blr_55-57.jpg,25.63
blr_55-58.jpg,33.38
blr_55-59.jpg,32.82
blr_55-6.jpg,0.33
blr_55-60.jpg,25.88
blr_55-61.jpg,8.49
blr_55-62.jpg,17.12
blr_55-63.jpg,5.05
blr_55-64.jpg,2.83
blr_55-65.jpg,14.17
blr_67-28.jpg,1.09
blr_67-29.jpg,5.51
blr_67-3.jpg,7.73
blr_67-30.jpg,11.5
blr_67-31.jpg,25.17
blr_67-32.jpg,18.68
blr_67-33.jpg,13.52
blr_67-34.jpg,18.8
blr_67-35.jpg,10.94
blr_67-36.jpg,9.66
blr_67-37.jpg,45.73
blr_67-38.jpg,10.3
blr_67-39.jpg,40.6
blr_67-4.jpg,3.92
blr_67-40.jpg,79.25
blr_67-41.jpg,15.31
blr_67-42.jpg,0.8
blr_67-43.jpg,0.84
blr_67-44.jpg,3.01
blr_67-45.jpg,2.35
blr_67-46.jpg,1.53
blr_67-47.jpg,1.21
blr_67-48.jpg,0.83
blr_67-49.jpg,3.39
blr_67-5.jpg,2.8
blr_67-50.jpg,3.4
blr_67-51.jpg,1.1
blr_67-52.jpg,0.27
blr_67-53.jpg,0.97
blr_72-52.jpg,2.85
blr_72-53.jpg,6.81
blr_72-54.jpg,0.31
blr_72-55.jpg,0.2
blr_72-56.jpg,0.0
blr_72-57.jpg,0.0
blr_72-58.jpg,0.0
blr_72-59.jpg,0.0
blr_72-6.jpg,0.19
blr_72-60.jpg,0.95
blr_72-61.jpg,0.6
blr_72-62.jpg,1.1
blr_72-63.jpg,4.19
blr_72-64.jpg,8.58
blr_72-65.jpg,2.11
blr_72-66.jpg,0.0
blr_72-7.jpg,0.41
blr_72-8.jpg,1.05
blr_72-9.jpg,1.28
blr_73-1.jpg,6.16
blr_73-10.jpg,1.02
blr_73-11.jpg,0.91
blr_73-12.jpg,3.02
blr_73-13.jpg,3.04
blr_73-14.jpg,9.0
blr_73-15.jpg,7.5
blr_73-16.jpg,12.14
blr_73-17.jpg,8.27
blr_73-18.jpg,0.87
blr_73-19.jpg,8.11
blr_73-2.jpg,1.36
blr_73-20.jpg,2.33
blr_73-21.jpg,1.1
blr_73-22.jpg,8.25
blr_73-23.jpg,14.94
blr_63-65.jpg,13.9
blr_63-66.jpg,52.8
blr_63-7.jpg,0.12
blr_63-8.jpg,0.26
blr_63-9.jpg,0.12
blr_64-1.jpg,0.03
blr_64-10.jpg,0.66
blr_64-11.jpg,2.13
blr_64-12.jpg,3.03
blr_64-13.jpg,3.9
blr_64-14.jpg,1.13
blr_64-15.jpg,3.57
blr_64-16.jpg,2.12
blr_64-17.jpg,1.49
blr_64-18.jpg,10.61
blr_64-19.jpg,21.67
blr_64-2.jpg,5.47
blr_64-20.jpg,55.41
blr_64-21.jpg,22.91
blr_64-22.jpg,2.57
blr_64-23.jpg,9.37
blr_64-24.jpg,1.18
blr_64-25.jpg,9.11
blr_64-26.jpg,22.83
blr_64-27.jpg,9.2
blr_64-28.jpg,1.73
blr_64-29.jpg,3.78
blr_64-3.jpg,1.14
blr_64-30.jpg,7.88
blr_64-31.jpg,13.77
blr_71-31.jpg,8.6
blr_71-32.jpg,15.88
blr_71-33.jpg,6.73
blr_71-34.jpg,19.37
blr_71-35.jpg,22.16
blr_71-36.jpg,26.66
blr_71-37.jpg,17.45
blr_71-38.jpg,14.62
blr_71-39.jpg,44.43
blr_71-4.jpg,2.39
blr_71-40.jpg,16.94
blr_71-41.jpg,1.43
blr_71-42.jpg,3.27
blr_71-43.jpg,8.52
blr_71-44.jpg,0.35
blr_71-45.jpg,1.07
blr_71-46.jpg,0.23
blr_71-47.jpg,0.57
blr_71-48.jpg,4.89
blr_71-49.jpg,3.21
blr_71-5.jpg,1.53
blr_65-11.jpg,2.72
blr_65-12.jpg,19.65
blr_65-13.jpg,6.76
blr_65-14.jpg,5.28
blr_65-15.jpg,4.15
blr_65-16.jpg,2.44
blr_65-17.jpg,2.89
blr_65-18.jpg,9.25
blr_65-19.jpg,14.4
blr_65-2.jpg,1.43
blr_65-20.jpg,36.76
blr_65-21.jpg,34.13
blr_65-22.jpg,22.53
blr_65-23.jpg,2.12
blr_65-24.jpg,1.12
blr_65-25.jpg,6.49
blr_65-26.jpg,14.05
blr_65-27.jpg,5.58
blr_65-28.jpg,8.05
blr_65-29.jpg,3.82
blr_65-3.jpg,4.95
blr_65-30.jpg,11.82
blr_74-64.jpg,9.31
blr_74-65.jpg,10.73
blr_74-66.jpg,8.27
blr_74-7.jpg,0.2
blr_74-8.jpg,1.26
blr_74-9.jpg,0.13
blr_75-1.jpg,2.67
blr_75-10.jpg,0.59
blr_75-11.jpg,4.32
blr_75-12.jpg,9.81
blr_75-13.jpg,17.36
blr_75-14.jpg,36.38
blr_75-15.jpg,61.33
blr_75-16.jpg,94.96
blr_75-17.jpg,50.42
blr_75-18.jpg,17.33
blr_75-19.jpg,7.93
blr_75-2.jpg,1.3
blr_75-20.jpg,3.39
blr_75-21.jpg,11.23
blr_75-22.jpg,2.18
blr_75-23.jpg,5.61
blr_75-24.jpg,5.94
blr_75-25.jpg,12.7
blr_75-26.jpg,10.56
blr_75-27.jpg,18.38
blr_75-28.jpg,23.34
blr_75-29.jpg,49.23
blr_75-3.jpg,1.24
blr_75-30.jpg,23.33
blr_61-44.jpg,5.64
blr_61-45.jpg,3.72
blr_61-46.jpg,17.62
blr_61-47.jpg,2.77
blr_61-48.jpg,10.47
blr_61-49.jpg,4.47
blr_61-5.jpg,0.08
blr_61-50.jpg,0.94
blr_61-51.jpg,0.41
blr_61-52.jpg,3.05
blr_61-53.jpg,33.97
blr_61-54.jpg,6.22
blr_61-55.jpg,1.4
blr_61-56.jpg,1.57
blr_61-57.jpg,12.76
blr_61-58.jpg,32.26
blr_61-59.jpg,7.34
blr_61-6.jpg,0.23
blr_61-60.jpg,2.9
blr_61-61.jpg,3.59
blr_66-26.jpg,1.76
blr_66-27.jpg,0.2
blr_66-28.jpg,2.55
blr_66-29.jpg,6.47
blr_66-3.jpg,7.0
blr_66-30.jpg,4.35
blr_66-31.jpg,9.98
blr_66-32.jpg,35.16
blr_66-33.jpg,20.05
blr_66-34.jpg,15.84
blr_66-35.jpg,26.56
blr_66-36.jpg,6.14
blr_66-37.jpg,9.63
blr_66-38.jpg,5.95
blr_66-39.jpg,6.68
blr_66-4.jpg,7.09
blr_66-40.jpg,37.2
blr_66-41.jpg,18.74
blr_66-42.jpg,20.12
blr_66-43.jpg,3.67
blr_66-44.jpg,6.79
blr_66-45.jpg,6.99
blr_66-46.jpg,8.85
blr_66-47.jpg,1.25
blr_66-48.jpg,3.78
blr_66-49.jpg,3.48
blr_66-5.jpg,0.93
blr_66-50.jpg,3.36
blr_66-51.jpg,1.71
blr_68-5.jpg,5.76
blr_68-50.jpg,3.7
blr_68-51.jpg,1.78
blr_68-52.jpg,0.18
blr_68-53.jpg,0.13
blr_68-54.jpg,0.26
blr_68-55.jpg,1.93
blr_68-56.jpg,3.67
blr_68-57.jpg,1.34
blr_68-58.jpg,0.42
blr_68-59.jpg,0.4
blr_68-6.jpg,5.16
blr_68-60.jpg,3.5
blr_68-61.jpg,2.13
blr_68-62.jpg,25.56
blr_68-63.jpg,63.7
blr_68-64.jpg,19.89
blr_68-65.jpg,2.39
blr_68-66.jpg,0.02
blr_68-7.jpg,5.24
blr_68-8.jpg,36.49
blr_68-9.jpg,45.31
blr_53-39.jpg,30.42
blr_53-4.jpg,6.13
blr_53-40.jpg,14.16
blr_53-41.jpg,30.4
blr_53-42.jpg,60.57
blr_53-43.jpg,76.89
blr_53-44.jpg,19.05
blr_53-45.jpg,20.54
blr_53-46.jpg,20.27
blr_53-47.jpg,9.61
blr_53-48.jpg,6.8
blr_53-49.jpg,3.95
blr_53-5.jpg,8.52
blr_53-50.jpg,4.27
blr_53-51.jpg,2.08
blr_53-52.jpg,2.32
blr_53-53.jpg,1.51
blr_53-54.jpg,4.9
blr_53-55.jpg,3.82
blr_53-56.jpg,4.87
blr_58-35.jpg,6.8
blr_58-36.jpg,5.36
blr_58-37.jpg,24.44
blr_58-38.jpg,25.41
blr_58-39.jpg,8.5
blr_58-4.jpg,2.85
blr_58-40.jpg,26.23
blr_58-41.jpg,40.79
blr_58-42.jpg,22.11
blr_58-43.jpg,8.48
blr_58-44.jpg,15.16
blr_58-45.jpg,2.87
blr_58-46.jpg,6.25
blr_58-47.jpg,5.06
blr_58-48.jpg,7.03
blr_58-49.jpg,3.85
blr_58-5.jpg,0.34
blr_58-50.jpg,1.06
blr_58-51.jpg,2.65
blr_58-52.jpg,1.59
blr_58-53.jpg,7.67
blr_50-34.jpg,13.5
blr_50-35.jpg,31.4
blr_50-36.jpg,26.42
blr_50-37.jpg,17.25
blr_50-38.jpg,14.63
blr_50-39.jpg,7.93
blr_50-4.jpg,7.86
blr_50-40.jpg,11.4
blr_50-41.jpg,5.47
blr_50-42.jpg,13.87
blr_50-43.jpg,32.62
blr_50-44.jpg,12.84
blr_50-45.jpg,10.96
blr_50-46.jpg,13.87
blr_50-47.jpg,6.53
blr_50-48.jpg,2.5
blr_50-49.jpg,11.21
blr_50-5.jpg,0.81
blr_50-50.jpg,4.24
blr_50-51.jpg,27.4
blr_50-52.jpg,3.82
blr_50-53.jpg,3.5
blr_50-54.jpg,1.93
blr_50-55.jpg,3.37
blr_50-56.jpg,2.12
blr_50-57.jpg,7.66
blr_50-58.jpg,5.4
blr_50-59.jpg,4.48
blr_50-6.jpg,6.19
blr_50-60.jpg,0.38
blr_50-61.jpg,1.73
blr_67-10.jpg,21.1
blr_67-27.jpg,0.14
blr_67-54.jpg,5.6
blr_68-21.jpg,4.05
blr_68-49.jpg,2.55
blr_69-1.jpg,3.06
blr_69-35.jpg,25.18
blr_69-61.jpg,8.3
blr_7-20.jpg,0.78
blr_7-40.jpg,2.07
blr_70-14.jpg,5.23
blr_70-32.jpg,26.33
blr_70-55.jpg,1.0
blr_71-11.jpg,7.14
blr_71-30.jpg,3.62
blr_71-50.jpg,1.47
blr_72-17.jpg,3.4
blr_72-33.jpg,6.57
blr_72-51.jpg,4.08
blr_73-24.jpg,1.8
blr_73-41.jpg,2.33
blr_73-59.jpg,2.6
blr_74-16.jpg,44.88
blr_74-32.jpg,4.71
blr_74-63.jpg,4.05
blr_75-31.jpg,28.6
blr_75-63.jpg,7.54
blr_76-33.jpg,40.47
blr_76-50.jpg,0.2
blr_8-12.jpg,25.97
blr_8-4.jpg,1.08
blr_8-9.jpg,0.05
blr_9-4.jpg,1.11
blr_49-57.jpg,3.92
blr_49-58.jpg,0.81
blr_49-59.jpg,0.94
blr_49-6.jpg,4.07
blr_49-60.jpg,6.2
blr_49-61.jpg,27.26
blr_49-62.jpg,2.36
blr_49-63.jpg,2.01
blr_49-64.jpg,1.86
blr_49-65.jpg,2.92
blr_49-66.jpg,7.15
blr_49-7.jpg,9.87
blr_49-8.jpg,12.37
blr_49-9.jpg,8.52
blr_5-1.jpg,0.02
blr_5-10.jpg,19.02
blr_5-11.jpg,2.95
blr_5-12.jpg,1.63
blr_5-13.jpg,2.03
blr_5-14.jpg,4.44
blr_5-15.jpg,6.97
blr_5-16.jpg,5.08
blr_5-17.jpg,2.98
blr_48-7.jpg,4.32
blr_48-8.jpg,3.97
blr_48-9.jpg,3.11
blr_49-1.jpg,0.21
blr_49-10.jpg,1.51
blr_49-11.jpg,1.49
blr_49-12.jpg,5.93
blr_49-13.jpg,6.08
blr_49-14.jpg,2.55
blr_49-15.jpg,1.83
blr_49-16.jpg,0.99
blr_49-17.jpg,2.48
blr_49-18.jpg,0.81
blr_49-19.jpg,0.66
blr_49-2.jpg,5.79
blr_49-20.jpg,0.39
blr_49-21.jpg,1.98
blr_49-22.jpg,6.88
blr_48-28.jpg,7.86
blr_48-29.jpg,18.72
blr_48-3.jpg,24.23
blr_48-30.jpg,14.85
blr_48-31.jpg,32.12
blr_48-32.jpg,36.5
blr_48-33.jpg,19.13
blr_48-34.jpg,13.23
blr_48-35.jpg,31.25
blr_48-36.jpg,43.17
blr_48-37.jpg,30.5
blr_48-38.jpg,27.72
blr_48-39.jpg,8.12
blr_48-4.jpg,3.54
blr_48-40.jpg,17.25
blr_48-41.jpg,15.8
blr_48-42.jpg,20.75
blr_48-43.jpg,38.32
blr_48-44.jpg,45.05
blr_48-45.jpg,29.68
blr_48-46.jpg,8.53
blr_48-48.jpg,7.3
blr_48-49.jpg,0.66
blr_48-5.jpg,17.64
blr_48-50.jpg,2.77
blr_48-51.jpg,2.83
blr_48-52.jpg,0.95
blr_48-53.jpg,0.63
blr_48-54.jpg,1.98
blr_48-55.jpg,2.03
blr_48-56.jpg,11.09
blr_48-57.jpg,3.78
blr_48-58.jpg,2.04
blr_48-59.jpg,0.6
blr_48-6.jpg,5.97
blr_48-60.jpg,1.96
blr_48-61.jpg,0.22
blr_48-62.jpg,0.49
blr_48-63.jpg,14.96
blr_48-64.jpg,3.25
blr_48-65.jpg,2.24
blr_47-7.jpg,7.63
blr_47-8.jpg,2.19
blr_47-9.jpg,5.29
blr_48-1.jpg,0.7
blr_48-10.jpg,0.77
blr_48-11.jpg,1.95
blr_48-12.jpg,4.39
blr_48-13.jpg,2.5
blr_48-14.jpg,1.64
blr_48-15.jpg,4.83
blr_48-16.jpg,2.93
blr_48-17.jpg,0.98
blr_48-18.jpg,2.11
blr_48-19.jpg,0.59
blr_48-2.jpg,11.32
blr_48-20.jpg,3.33
blr_48-21.jpg,3.27
blr_48-22.jpg,6.91
blr_48-23.jpg,9.55
blr_48-24.jpg,6.16
blr_48-25.jpg,5.62
blr_48-26.jpg,1.93
blr_47-5.jpg,22.13
blr_47-50.jpg,4.74
blr_47-51.jpg,1.52
blr_47-52.jpg,2.1
blr_47-53.jpg,6.07
blr_47-54.jpg,3.7
blr_47-55.jpg,3.18
blr_47-56.jpg,7.91
blr_47-57.jpg,8.4
blr_47-58.jpg,2.69
blr_47-59.jpg,2.13
blr_47-6.jpg,10.95
blr_47-60.jpg,9.74
blr_47-61.jpg,2.72
blr_47-62.jpg,9.41
blr_47-63.jpg,15.78
blr_47-64.jpg,2.28
blr_47-65.jpg,0.64
blr_46-62.jpg,10.53
blr_46-63.jpg,61.35
blr_46-64.jpg,21.0
blr_46-65.jpg,12.37
blr_46-66.jpg,6.16
blr_46-7.jpg,5.77
blr_46-8.jpg,5.61
blr_46-9.jpg,4.42
blr_47-1.jpg,3.91
blr_47-10.jpg,1.12
blr_47-11.jpg,3.17
blr_47-12.jpg,4.27
blr_47-13.jpg,1.22
blr_47-14.jpg,1.98
blr_47-15.jpg,1.62
blr_47-16.jpg,4.03
blr_47-17.jpg,1.63
blr_47-18.jpg,7.04
blr_47-19.jpg,9.02
blr_47-2.jpg,4.72
blr_47-20.jpg,6.68
blr_47-21.jpg,9.42
blr_47-22.jpg,2.04
blr_46-43.jpg,29.31
blr_46-44.jpg,4.59
blr_46-45.jpg,9.17
blr_46-46.jpg,29.01
blr_46-47.jpg,39.61
blr_46-48.jpg,51.43
blr_46-49.jpg,7.97
blr_46-5.jpg,10.89
blr_46-50.jpg,4.7
blr_46-51.jpg,5.15
blr_46-52.jpg,3.12
blr_46-53.jpg,5.43
blr_46-54.jpg,10.48
blr_46-55.jpg,8.01
blr_46-56.jpg,17.18
blr_46-57.jpg,5.63
blr_46-58.jpg,2.4
blr_46-59.jpg,1.29
blr_46-6.jpg,7.32
blr_46-60.jpg,3.02
blr_47-24.jpg,2.2
blr_47-25.jpg,1.97
blr_47-26.jpg,2.59
blr_47-27.jpg,5.04
blr_47-28.jpg,11.26
blr_47-29.jpg,32.7
blr_47-3.jpg,6.39
blr_47-30.jpg,26.32
blr_47-31.jpg,42.49
blr_47-32.jpg,57.35
blr_47-33.jpg,72.1
blr_47-34.jpg,29.89
blr_47-35.jpg,54.72
blr_47-36.jpg,46.49
blr_47-37.jpg,25.25
blr_47-38.jpg,12.8
blr_47-39.jpg,8.54
blr_47-4.jpg,12.48
blr_47-40.jpg,11.29
blr_47-41.jpg,27.57
blr_47-42.jpg,28.81
blr_47-43.jpg,45.94
blr_47-44.jpg,16.3
blr_47-45.jpg,16.32
blr_47-46.jpg,15.87
blr_47-47.jpg,17.24
blr_47-48.jpg,14.89
blr_46-25.jpg,1.74
blr_46-26.jpg,1.78
blr_46-27.jpg,1.44
blr_46-28.jpg,10.04
blr_46-29.jpg,18.18
blr_46-3.jpg,6.64
blr_46-30.jpg,18.34
blr_46-31.jpg,30.01
blr_46-32.jpg,29.92
blr_46-33.jpg,43.37
blr_46-34.jpg,44.29
blr_46-35.jpg,33.4
blr_46-36.jpg,27.4
blr_46-37.jpg,24.57
blr_46-38.jpg,8.86
blr_46-39.jpg,19.46
blr_46-4.jpg,4.12
blr_46-40.jpg,24.19
blr_46-41.jpg,34.72
blr_45-5.jpg,10.57
blr_45-50.jpg,17.96
blr_45-51.jpg,4.96
blr_45-52.jpg,6.53
blr_45-53.jpg,10.16
blr_45-54.jpg,5.31
blr_45-55.jpg,8.19
blr_45-56.jpg,6.18
blr_45-57.jpg,3.1
blr_45-58.jpg,4.52
blr_45-59.jpg,4.36
blr_45-6.jpg,14.21
blr_45-60.jpg,11.77
blr_45-61.jpg,10.05
blr_45-62.jpg,22.55
blr_45-63.jpg,26.84
blr_45-64.jpg,11.01
blr_45-65.jpg,11.9
blr_45-66.jpg,5.91
blr_45-16.jpg,9.1
blr_45-17.jpg,16.3
blr_45-18.jpg,0.97
blr_45-19.jpg,2.06
blr_45-2.jpg,2.18
blr_45-20.jpg,10.42
blr_45-21.jpg,47.04
blr_45-22.jpg,1.17
blr_45-23.jpg,0.75
blr_45-24.jpg,1.5
blr_45-25.jpg,6.89
blr_45-26.jpg,3.54
blr_45-27.jpg,0.77
blr_45-28.jpg,28.32
blr_45-29.jpg,23.69
blr_45-3.jpg,5.07
blr_45-30.jpg,19.93
blr_45-31.jpg,8.03
blr_70-33.jpg,18.49
blr_70-34.jpg,23.2
blr_70-35.jpg,16.41
blr_70-36.jpg,19.57
blr_70-37.jpg,17.13
blr_70-38.jpg,32.5
blr_70-39.jpg,94.4
blr_70-4.jpg,7.91
blr_70-40.jpg,31.4
blr_70-41.jpg,3.23
blr_70-42.jpg,5.83
blr_70-43.jpg,4.5
blr_70-44.jpg,3.35
blr_70-45.jpg,3.42
blr_70-46.jpg,3.97
blr_70-47.jpg,3.23
blr_70-48.jpg,1.78
blr_70-49.jpg,1.69
blr_70-5.jpg,2.81
blr_70-50.jpg,2.33
blr_70-51.jpg,2.68
blr_70-52.jpg,2.93
blr_70-53.jpg,0.43
blr_70-54.jpg,0.75
blr_60-43.jpg,6.19
blr_60-44.jpg,11.81
blr_60-45.jpg,14.03
blr_60-46.jpg,15.04
blr_60-47.jpg,9.01
blr_60-48.jpg,2.95
blr_60-49.jpg,1.65
blr_60-5.jpg,0.07
blr_60-50.jpg,2.01
blr_60-51.jpg,0.05
blr_60-52.jpg,4.63
blr_60-53.jpg,40.81
blr_60-54.jpg,5.13
blr_60-55.jpg,1.88
blr_60-56.jpg,1.4
blr_60-57.jpg,12.31
blr_60-58.jpg,2.0
blr_60-59.jpg,3.72
blr_60-6.jpg,0.08
blr_60-60.jpg,4.62
blr_60-61.jpg,6.07
blr_60-62.jpg,22.13
blr_60-63.jpg,14.28
blr_60-64.jpg,11.4
blr_59-45.jpg,19.18
blr_59-46.jpg,18.41
blr_59-47.jpg,7.93
blr_59-48.jpg,6.41
blr_59-49.jpg,3.33
blr_59-5.jpg,0.51
blr_59-50.jpg,2.96
blr_59-51.jpg,6.2
blr_59-52.jpg,2.32
blr_59-53.jpg,14.71
blr_59-54.jpg,3.26
blr_59-55.jpg,1.03
blr_59-56.jpg,0.64
blr_59-57.jpg,0.4
blr_59-58.jpg,0.81
blr_59-59.jpg,9.61
blr_59-6.jpg,3.95
blr_59-60.jpg,8.33
blr_44-41.jpg,23.66
blr_44-42.jpg,29.23
blr_44-43.jpg,9.88
blr_44-44.jpg,3.81
blr_44-45.jpg,13.56
blr_44-46.jpg,15.49
blr_44-47.jpg,6.08
blr_44-48.jpg,7.47
blr_44-49.jpg,35.13
blr_44-5.jpg,15.07
blr_44-50.jpg,15.93
blr_44-51.jpg,1.97
blr_44-52.jpg,3.46
blr_44-53.jpg,17.01
blr_44-54.jpg,49.54
blr_44-55.jpg,11.06
blr_44-56.jpg,4.72
blr_44-57.jpg,16.29
blr_44-58.jpg,7.82
blr_43-56.jpg,3.29
blr_43-57.jpg,10.02
blr_43-58.jpg,9.59
blr_43-59.jpg,3.19
blr_43-6.jpg,2.04
blr_43-60.jpg,6.72
blr_43-61.jpg,14.2
blr_43-62.jpg,23.03
blr_43-63.jpg,15.44
blr_43-64.jpg,6.32
blr_43-65.jpg,12.44
blr_43-66.jpg,14.99
blr_43-7.jpg,35.66
blr_43-8.jpg,74.92
blr_43-9.jpg,40.62
blr_44-1.jpg,9.63
blr_44-10.jpg,12.52
blr_44-11.jpg,23.03
blr_44-12.jpg,7.08
blr_44-13.jpg,3.01
blr_44-14.jpg,3.98
blr_44-15.jpg,4.23
blr_44-16.jpg,3.49
blr_44-17.jpg,2.18
blr_44-18.jpg,3.02
blr_43-16.jpg,1.96
blr_43-17.jpg,3.03
blr_43-18.jpg,14.9
blr_43-19.jpg,7.74
blr_43-2.jpg,3.37
blr_43-20.jpg,4.71
blr_43-21.jpg,4.3
blr_43-22.jpg,2.37
blr_43-23.jpg,2.02
blr_43-24.jpg,3.35
blr_43-25.jpg,11.79
blr_43-26.jpg,27.83
blr_43-27.jpg,35.78
blr_43-28.jpg,6.18
blr_43-29.jpg,28.25
blr_43-3.jpg,4.03
blr_43-30.jpg,42.38
blr_43-31.jpg,41.75
blr_43-32.jpg,31.45
blr_43-33.jpg,50.28
blr_43-34.jpg,50.75
blr_43-35.jpg,23.67
blr_43-36.jpg,34.99
blr_55-66.jpg,13.49
blr_56-26.jpg,1.44
blr_56-43.jpg,19.7
blr_56-66.jpg,15.29
blr_57-37.jpg,34.2
blr_57-59.jpg,19.52
blr_58-17.jpg,2.2
blr_58-34.jpg,1.85
blr_58-54.jpg,49.34
blr_59-11.jpg,5.86
blr_59-44.jpg,17.06
blr_59-61.jpg,6.57
blr_6-35.jpg,6.38
blr_6-54.jpg,5.8
blr_60-11.jpg,2.13
blr_60-42.jpg,6.0
blr_60-65.jpg,14.06
blr_61-26.jpg,12.16
blr_61-43.jpg,3.56
blr_61-62.jpg,37.02
blr_62-24.jpg,11.86
blr_62-40.jpg,6.97
blr_62-58.jpg,7.73
blr_63-23.jpg,4.94
blr_63-45.jpg,3.95
blr_63-64.jpg,30.4
blr_64-32.jpg,20.3
blr_64-51.jpg,1.5
blr_65-10.jpg,3.78
blr_65-31.jpg,12.25
blr_65-5.jpg,3.1
blr_65-66.jpg,9.75
blr_66-25.jpg,35.11
blr_42-35.jpg,48.15
blr_42-36.jpg,15.63
blr_42-37.jpg,11.47
blr_42-38.jpg,31.18
blr_42-39.jpg,25.54
blr_42-4.jpg,0.0
blr_42-40.jpg,10.73
blr_42-41.jpg,27.92
blr_42-42.jpg,25.37
blr_42-43.jpg,20.02
blr_42-44.jpg,33.57
blr_42-45.jpg,19.13
blr_42-46.jpg,19.82
blr_42-47.jpg,17.16
blr_42-48.jpg,11.46
blr_42-49.jpg,23.28
blr_42-5.jpg,0.08
blr_42-50.jpg,33.73
blr_42-51.jpg,12.2
blr_42-52.jpg,25.02
blr_41-62.jpg,23.23
blr_41-63.jpg,9.38
blr_41-64.jpg,8.23
blr_41-65.jpg,10.37
blr_41-66.jpg,9.33
blr_41-7.jpg,50.04
blr_41-8.jpg,32.34
blr_41-9.jpg,23.17
blr_42-1.jpg,0.91
blr_42-10.jpg,16.7
blr_42-11.jpg,18.54
blr_42-12.jpg,13.05
blr_42-13.jpg,12.42
blr_42-14.jpg,4.45
blr_42-15.jpg,5.38
blr_42-16.jpg,3.11
blr_42-17.jpg,5.5
blr_42-18.jpg,13.1
blr_42-19.jpg,10.26
blr_42-2.jpg,7.81
blr_42-20.jpg,16.87
blr_42-21.jpg,16.1
blr_42-22.jpg,3.16
blr_42-23.jpg,10.37
blr_42-24.jpg,8.87
blr_42-25.jpg,12.49
blr_42-26.jpg,16.47
blr_42-27.jpg,35.09
blr_42-28.jpg,15.52
blr_42-29.jpg,32.58
blr_42-3.jpg,1.52
blr_42-30.jpg,40.42
blr_42-31.jpg,27.6
blr_42-32.jpg,44.23
blr_42-33.jpg,51.45
blr_42-54.jpg,24.33
blr_42-55.jpg,13.7
blr_42-56.jpg,5.45
blr_42-57.jpg,21.95
blr_42-58.jpg,5.09
blr_42-59.jpg,6.61
blr_42-6.jpg,0.82
blr_42-60.jpg,39.05
blr_42-61.jpg,18.84
blr_42-62.jpg,19.05
blr_42-63.jpg,20.83
blr_42-64.jpg,8.65
blr_42-65.jpg,4.35
blr_42-66.jpg,3.47
blr_42-7.jpg,41.04
blr_42-8.jpg,76.14
blr_42-9.jpg,8.5
blr_43-1.jpg,0.27
blr_43-10.jpg,3.02
blr_43-11.jpg,5.77
blr_43-12.jpg,4.53
blr_43-13.jpg,6.29
blr_43-14.jpg,5.33
blr_41-44.jpg,27.35
blr_41-45.jpg,20.13
blr_41-46.jpg,17.65
blr_41-47.jpg,25.26
blr_41-48.jpg,5.35
blr_41-49.jpg,8.41
blr_41-5.jpg,10.78
blr_41-50.jpg,21.2
blr_41-51.jpg,16.44
blr_41-52.jpg,11.85
blr_41-53.jpg,16.36
blr_41-54.jpg,22.22
blr_41-55.jpg,26.26
blr_41-56.jpg,7.02
blr_41-57.jpg,18.9
blr_41-58.jpg,11.79
blr_41-59.jpg,20.03
blr_41-6.jpg,8.23
blr_41-60.jpg,47.21
blr_41-24.jpg,8.36
blr_41-25.jpg,6.98
blr_41-26.jpg,26.65
blr_41-27.jpg,19.45
blr_41-28.jpg,9.65
blr_41-29.jpg,47.28
blr_41-3.jpg,5.98
blr_41-30.jpg,39.17
blr_41-31.jpg,46.89
blr_41-32.jpg,57.0
blr_41-33.jpg,41.49
blr_41-34.jpg,48.03
blr_41-35.jpg,47.09
blr_41-36.jpg,30.86
blr_41-37.jpg,10.64
blr_41-38.jpg,25.6
blr_41-39.jpg,56.93
blr_41-4.jpg,1.55
blr_41-40.jpg,34.99
blr_41-41.jpg,39.51
blr_41-42.jpg,23.02
blr_40-43.jpg,39.63
blr_40-44.jpg,28.87
blr_40-45.jpg,37.9
blr_40-46.jpg,28.43
blr_40-47.jpg,17.06
blr_40-48.jpg,1.93
blr_40-49.jpg,3.29
blr_40-5.jpg,4.35
blr_40-50.jpg,15.68
blr_40-51.jpg,8.38
blr_40-52.jpg,9.71
blr_40-53.jpg,11.41
blr_40-54.jpg,5.42
blr_40-55.jpg,12.06
blr_40-56.jpg,9.04
blr_40-57.jpg,23.42
blr_40-58.jpg,15.07
blr_40-59.jpg,7.02
blr_40-6.jpg,7.28
blr_40-60.jpg,21.38
blr_40-61.jpg,15.54
blr_40-63.jpg,7.65
blr_40-64.jpg,6.77
blr_40-65.jpg,14.97
blr_40-66.jpg,32.03
blr_40-7.jpg,7.1
blr_40-8.jpg,22.43
blr_40-9.jpg,26.89
blr_41-1.jpg,0.58
blr_41-10.jpg,30.3
blr_41-11.jpg,21.99
blr_41-12.jpg,46.84
blr_41-13.jpg,2.8
blr_41-14.jpg,7.41
blr_41-15.jpg,13.72
blr_41-16.jpg,7.27
blr_41-17.jpg,7.9
blr_41-18.jpg,11.02
blr_41-19.jpg,15.3
blr_41-2.jpg,4.62
blr_41-20.jpg,24.56
blr_41-21.jpg,37.67
blr_41-22.jpg,15.78
blr_40-26.jpg,52.26
blr_40-27.jpg,37.1
blr_40-28.jpg,31.56
blr_40-29.jpg,31.83
blr_40-3.jpg,6.16
blr_40-30.jpg,23.06
blr_40-31.jpg,53.25
blr_40-32.jpg,36.48
blr_40-33.jpg,20.14
blr_40-34.jpg,39.36
blr_40-35.jpg,10.71
blr_40-36.jpg,12.24
blr_40-37.jpg,8.5
blr_40-38.jpg,14.2
blr_40-39.jpg,50.79
blr_40-4.jpg,2.81
blr_40-40.jpg,41.72
blr_40-41.jpg,24.14
blr_39-7.jpg,11.45
blr_39-8.jpg,12.36
blr_39-9.jpg,16.56
blr_4-1.jpg,0.43
blr_4-10.jpg,4.72
blr_4-11.jpg,1.28
blr_4-12.jpg,0.59
blr_4-13.jpg,1.28
blr_4-14.jpg,5.59
blr_4-15.jpg,0.45
blr_4-16.jpg,1.66
blr_4-17.jpg,5.7
blr_4-18.jpg,1.55
blr_4-19.jpg,6.24
blr_4-2.jpg,0.33
blr_4-20.jpg,5.27
blr_4-21.jpg,2.63
blr_4-22.jpg,4.81
blr_4-23.jpg,3.29
blr_4-24.jpg,2.08
blr_4-25.jpg,5.9
blr_4-26.jpg,1.53
blr_4-27.jpg,6.09
blr_4-28.jpg,13.46
blr_4-29.jpg,2.34
blr_4-3.jpg,0.48
blr_4-30.jpg,1.14
blr_4-31.jpg,5.82
blr_4-32.jpg,7.03
blr_4-33.jpg,3.75
blr_4-34.jpg,1.52
blr_4-35.jpg,3.44
blr_4-36.jpg,0.9
blr_4-37.jpg,4.19
blr_4-38.jpg,0.91
blr_4-39.jpg,0.04
blr_39-21.jpg,6.85
blr_39-22.jpg,8.15
blr_39-23.jpg,7.18
blr_39-24.jpg,9.7
blr_39-25.jpg,40.3
blr_39-26.jpg,58.71
blr_39-27.jpg,42.26
blr_39-28.jpg,34.21
blr_39-29.jpg,10.24
blr_39-3.jpg,2.84
blr_39-30.jpg,6.26
blr_39-31.jpg,16.27
blr_39-32.jpg,21.01
blr_39-33.jpg,14.33
blr_39-34.jpg,6.15
blr_39-35.jpg,1.04
blr_39-36.jpg,10.47
blr_39-37.jpg,7.19
blr_39-38.jpg,10.77
blr_39-39.jpg,17.18
blr_39-4.jpg,7.71
blr_39-40.jpg,32.92
blr_39-41.jpg,17.52
blr_39-42.jpg,24.73
blr_49-24.jpg,10.15
blr_49-25.jpg,6.89
blr_49-26.jpg,6.64
blr_49-27.jpg,6.25
blr_49-28.jpg,4.21
blr_49-29.jpg,9.07
blr_49-3.jpg,8.57
blr_49-30.jpg,7.13
blr_49-31.jpg,19.89
blr_49-32.jpg,36.99
blr_49-33.jpg,36.22
blr_49-34.jpg,5.62
blr_49-35.jpg,17.97
blr_49-36.jpg,54.54
blr_49-37.jpg,43.47
blr_49-38.jpg,17.08
blr_49-39.jpg,13.15
blr_49-4.jpg,2.05
blr_49-40.jpg,12.21
blr_49-41.jpg,5.4
blr_49-42.jpg,21.6
blr_49-43.jpg,30.24
blr_49-44.jpg,26.65
blr_49-45.jpg,20.63
blr_49-46.jpg,10.53
blr_49-47.jpg,2.15
blr_49-48.jpg,8.85
blr_49-49.jpg,0.7
blr_49-5.jpg,8.43
blr_49-50.jpg,1.19
blr_49-51.jpg,1.03
blr_49-52.jpg,1.53
blr_49-53.jpg,1.82
blr_49-54.jpg,2.65
blr_49-55.jpg,2.99
blr_62-59.jpg,6.65
blr_62-6.jpg,0.34
blr_62-60.jpg,2.12
blr_62-61.jpg,4.51
blr_62-62.jpg,22.55
blr_62-63.jpg,28.11
blr_62-64.jpg,30.22
blr_62-65.jpg,9.45
blr_62-66.jpg,11.51
blr_62-7.jpg,0.35
blr_62-8.jpg,1.15
blr_62-9.jpg,3.39
blr_63-1.jpg,0.38
blr_63-10.jpg,1.52
blr_63-11.jpg,5.21
blr_63-12.jpg,9.76
blr_63-13.jpg,2.75
blr_63-14.jpg,3.12
blr_63-15.jpg,1.05
blr_63-16.jpg,0.36
blr_63-17.jpg,4.57
blr_63-18.jpg,18.19
blr_63-19.jpg,28.13
blr_63-2.jpg,4.75
blr_63-20.jpg,55.64
blr_63-21.jpg,17.46
blr_63-22.jpg,1.95
blr_56-27.jpg,6.44
blr_56-28.jpg,11.76
blr_56-29.jpg,8.89
blr_56-3.jpg,1.4
blr_56-30.jpg,11.95
blr_56-31.jpg,4.94
blr_56-32.jpg,25.85
blr_56-33.jpg,19.1
blr_56-34.jpg,8.51
blr_56-35.jpg,9.38
blr_56-36.jpg,18.16
blr_56-37.jpg,47.2
blr_56-38.jpg,23.68
blr_56-39.jpg,7.09
blr_56-4.jpg,2.63
blr_56-40.jpg,78.03
blr_56-41.jpg,97.22
blr_56-42.jpg,96.74
blr_54-51.jpg,3.05
blr_54-52.jpg,2.53
blr_54-53.jpg,1.84
blr_54-54.jpg,4.02
blr_54-55.jpg,4.0
blr_54-56.jpg,8.94
blr_54-57.jpg,14.17
blr_54-58.jpg,15.39
blr_54-59.jpg,9.63
blr_54-6.jpg,1.98
blr_54-60.jpg,25.24
blr_54-61.jpg,1.83
blr_54-62.jpg,6.92
blr_54-63.jpg,4.23
blr_54-64.jpg,1.87
blr_54-65.jpg,4.51
blr_54-66.jpg,9.97
blr_54-7.jpg,2.22
blr_54-8.jpg,2.57
blr_54-9.jpg,8.01
blr_55-1.jpg,1.21
blr_55-10.jpg,0.92
blr_55-11.jpg,0.45
blr_55-12.jpg,0.8
blr_55-13.jpg,1.16
blr_55-14.jpg,1.27
blr_55-15.jpg,16.78
blr_55-16.jpg,1.8
blr_55-17.jpg,3.88
blr_55-18.jpg,7.67
blr_55-19.jpg,11.26
blr_55-2.jpg,2.87
blr_55-20.jpg,52.04
blr_55-21.jpg,30.59
blr_52-26.jpg,19.27
blr_52-27.jpg,16.93
blr_52-28.jpg,16.35
blr_52-29.jpg,27.23
blr_52-3.jpg,19.14
blr_52-30.jpg,37.56
blr_52-31.jpg,15.52
blr_52-32.jpg,25.43
blr_52-33.jpg,30.1
blr_52-34.jpg,35.47
blr_52-35.jpg,25.39
blr_52-36.jpg,13.44
blr_52-37.jpg,15.97
blr_52-38.jpg,56.34
blr_52-39.jpg,54.1
blr_52-4.jpg,3.35
blr_52-40.jpg,10.75
blr_52-41.jpg,22.48
blr_52-42.jpg,36.55
blr_52-43.jpg,47.1
blr_52-44.jpg,22.87
blr_69-36.jpg,11.63
blr_69-37.jpg,19.41
blr_69-38.jpg,15.12
blr_69-39.jpg,91.0
blr_69-4.jpg,5.83
blr_69-40.jpg,71.82
blr_69-41.jpg,12.67
blr_69-42.jpg,9.02
blr_69-43.jpg,8.57
blr_69-44.jpg,9.01
blr_69-45.jpg,7.49
blr_69-46.jpg,7.27
blr_69-47.jpg,1.58
blr_69-48.jpg,0.0
blr_69-49.jpg,0.01
blr_69-5.jpg,2.64
blr_69-50.jpg,0.21
blr_69-51.jpg,0.88
blr_69-52.jpg,1.82
blr_69-53.jpg,0.14
blr_69-54.jpg,0.83
blr_69-55.jpg,0.18
blr_69-56.jpg,1.55
blr_69-57.jpg,2.92
blr_69-58.jpg,4.15
blr_69-59.jpg,4.7
blr_69-6.jpg,3.22
blr_69-60.jpg,11.12
blr_38-51.jpg,1.54
blr_38-52.jpg,7.2
blr_38-53.jpg,7.93
blr_38-54.jpg,31.35
blr_38-55.jpg,25.26
blr_38-56.jpg,15.82
blr_38-57.jpg,15.75
blr_38-58.jpg,6.38
blr_38-59.jpg,3.89
blr_38-6.jpg,4.8
blr_38-60.jpg,3.05
blr_38-61.jpg,12.0
blr_38-62.jpg,4.01
blr_38-63.jpg,9.78
blr_38-64.jpg,20.73
blr_38-65.jpg,32.0
blr_38-66.jpg,53.31
blr_38-7.jpg,4.77
blr_38-8.jpg,14.55
blr_38-9.jpg,18.22
blr_39-1.jpg,14.93
blr_39-10.jpg,26.44
blr_39-11.jpg,11.92
blr_39-12.jpg,3.18
blr_39-13.jpg,3.21
blr_39-14.jpg,7.96
blr_39-15.jpg,6.96
blr_39-16.jpg,11.26
blr_39-17.jpg,4.16
blr_39-18.jpg,3.18
blr_39-19.jpg,3.9
blr_39-2.jpg,3.1
blr_37-55.jpg,21.2
blr_37-56.jpg,7.2
blr_37-57.jpg,4.39
blr_37-58.jpg,8.45
blr_37-59.jpg,3.36
blr_37-6.jpg,4.12
blr_37-60.jpg,9.7
blr_37-61.jpg,10.86
blr_37-62.jpg,2.67
blr_37-63.jpg,5.43
blr_37-64.jpg,26.64
blr_37-65.jpg,45.67
blr_37-66.jpg,41.21
blr_37-7.jpg,1.51
blr_37-8.jpg,7.81
blr_37-9.jpg,7.88
blr_38-1.jpg,5.01
blr_38-10.jpg,16.54
blr_38-11.jpg,12.58
blr_37-23.jpg,3.31
blr_37-24.jpg,40.37
blr_37-25.jpg,68.57
blr_37-26.jpg,69.43
blr_37-27.jpg,47.41
blr_37-28.jpg,23.11
blr_37-29.jpg,21.65
blr_37-3.jpg,8.09
blr_37-30.jpg,10.75
blr_37-31.jpg,5.07
blr_37-32.jpg,8.57
blr_37-33.jpg,27.75
blr_37-34.jpg,18.35
blr_37-35.jpg,16.61
blr_37-36.jpg,8.75
blr_37-37.jpg,13.85
blr_37-38.jpg,7.36
blr_37-39.jpg,24.63
blr_37-4.jpg,18.41
blr_37-40.jpg,16.51
blr_37-41.jpg,10.32
blr_37-42.jpg,5.81
blr_37-43.jpg,17.16
blr_37-44.jpg,17.9
blr_37-45.jpg,6.66
blr_37-46.jpg,15.43
blr_37-47.jpg,12.96
blr_37-48.jpg,5.57
blr_37-49.jpg,9.02
blr_37-5.jpg,9.6
blr_37-50.jpg,20.34
blr_37-51.jpg,14.03
blr_37-52.jpg,10.52
blr_37-53.jpg,16.6
blr_36-46.jpg,7.04
blr_36-47.jpg,6.96
blr_36-48.jpg,8.12
blr_36-49.jpg,10.76
blr_36-5.jpg,6.97
blr_36-50.jpg,4.05
blr_36-51.jpg,11.39
blr_36-52.jpg,28.0
blr_36-53.jpg,8.88
blr_36-54.jpg,7.42
blr_36-55.jpg,18.57
blr_36-56.jpg,4.44
blr_36-57.jpg,5.51
blr_36-58.jpg,12.21
blr_36-59.jpg,4.35
blr_36-6.jpg,5.37
blr_36-60.jpg,5.02
blr_45-32.jpg,3.6
blr_45-49.jpg,5.71
blr_45-7.jpg,5.0
blr_46-24.jpg,1.12
blr_46-42.jpg,25.54
blr_46-61.jpg,17.88
blr_47-23.jpg,1.48
blr_47-49.jpg,3.3
blr_47-66.jpg,4.2
blr_48-27.jpg,4.83
blr_48-47.jpg,1.72
blr_48-66.jpg,2.0
blr_49-23.jpg,10.76
blr_49-56.jpg,1.02
blr_5-18.jpg,1.9
blr_5-41.jpg,1.4
blr_50-14.jpg,2.25
blr_50-33.jpg,44.72
blr_50-62.jpg,2.13
blr_51-29.jpg,17.39
blr_51-59.jpg,6.28
blr_52-25.jpg,10.92
blr_52-45.jpg,18.58
blr_52-8.jpg,1.41
blr_53-38.jpg,16.54
blr_53-57.jpg,10.0
blr_54-14.jpg,0.77
blr_54-31.jpg,43.59
blr_54-50.jpg,8.26
blr_55-22.jpg,3.55
blr_15-28(1).jpg,6.23
blr_20-60.jpg,24.96
blr_29-10.jpg,2.98
blr_36-45.jpg,7.21
blr_45-15.jpg,0.83
blr_55-48.jpg,8.3
blr_66-52.jpg,0.26
blr_35-64.jpg,10.33
blr_35-65.jpg,6.7
blr_35-66.jpg,0.58
blr_35-7.jpg,5.59
blr_35-8.jpg,1.65
blr_35-9.jpg,3.14
blr_36-1.jpg,4.63
blr_36-10.jpg,1.14
blr_36-11.jpg,2.8
blr_36-12.jpg,1.43
blr_36-13.jpg,3.17
blr_36-14.jpg,8.18
blr_36-15.jpg,5.71
blr_36-16.jpg,9.44
blr_36-17.jpg,5.89
blr_36-18.jpg,8.5
blr_36-19.jpg,23.51
blr_36-2.jpg,2.28
blr_36-20.jpg,11.89
blr_36-21.jpg,33.83
blr_36-22.jpg,5.56
blr_36-23.jpg,1.7
blr_36-24.jpg,11.8
blr_36-26.jpg,37.09
blr_36-27.jpg,40.89
blr_36-28.jpg,14.44
blr_36-29.jpg,3.45
blr_36-3.jpg,7.32
blr_36-30.jpg,5.76
blr_36-31.jpg,2.7
blr_36-32.jpg,6.48
blr_36-33.jpg,13.76
blr_36-34.jpg,6.91
blr_36-35.jpg,1.0
blr_36-36.jpg,10.48
blr_36-37.jpg,13.8
blr_36-38.jpg,19.41
blr_36-39.jpg,26.97
blr_36-4.jpg,5.34
blr_36-40.jpg,4.73
blr_36-41.jpg,4.8
blr_36-42.jpg,7.95
blr_36-43.jpg,4.77
blr_36-44.jpg,8.7
blr_35-44.jpg,2.76
blr_35-45.jpg,2.37
blr_35-46.jpg,2.61
blr_35-47.jpg,6.99
blr_35-48.jpg,5.73
blr_35-49.jpg,10.21
blr_35-5.jpg,2.63
blr_35-50.jpg,5.92
blr_35-51.jpg,1.61
blr_35-52.jpg,6.98
blr_35-53.jpg,9.01
blr_35-54.jpg,12.6
blr_35-55.jpg,7.44
blr_35-56.jpg,13.26
blr_35-57.jpg,16.15
blr_35-58.jpg,14.99
blr_35-59.jpg,4.14
blr_35-6.jpg,10.05
blr_35-60.jpg,12.93
blr_35-61.jpg,3.15
blr_35-62.jpg,1.92
blr_35-27.jpg,13.51
blr_35-28.jpg,7.19
blr_35-29.jpg,2.47
blr_35-3.jpg,3.2
blr_35-30.jpg,19.0
blr_35-31.jpg,10.77
blr_35-32.jpg,5.94
blr_35-33.jpg,4.96
blr_35-34.jpg,0.91
blr_35-35.jpg,2.68
blr_35-36.jpg,3.97
blr_35-37.jpg,6.79
blr_35-38.jpg,12.19
blr_35-39.jpg,7.3
blr_35-4.jpg,2.58
blr_35-40.jpg,2.26
blr_35-41.jpg,1.31
blr_35-42.jpg,0.76
blr_34-45.jpg,2.36
blr_34-46.jpg,1.72
blr_34-47.jpg,3.38
blr_34-48.jpg,30.54
blr_34-49.jpg,3.82
blr_34-5.jpg,0.31
blr_34-50.jpg,2.97
blr_34-51.jpg,5.99
blr_34-52.jpg,9.62
blr_34-53.jpg,17.38
blr_34-54.jpg,32.68
blr_34-55.jpg,14.7
blr_34-56.jpg,1.12
blr_34-57.jpg,2.82
blr_34-58.jpg,8.18
blr_34-59.jpg,16.14
blr_34-6.jpg,3.62
blr_34-60.jpg,33.94
blr_34-61.jpg,42.54
blr_34-62.jpg,10.54
blr_34-63.jpg,1.61
blr_34-64.jpg,10.15
blr_34-65.jpg,0.93
blr_34-66.jpg,0.08
blr_34-2.jpg,1.8
blr_34-20.jpg,25.51
blr_34-21.jpg,1.59
blr_34-22.jpg,10.02
blr_34-23.jpg,35.92
blr_34-24.jpg,5.46
blr_34-25.jpg,5.36
blr_34-26.jpg,9.92
blr_34-27.jpg,8.9
blr_34-28.jpg,7.61
blr_34-29.jpg,2.95
blr_34-3.jpg,1.51
blr_34-30.jpg,4.02
blr_34-31.jpg,8.93
blr_34-32.jpg,6.87
blr_34-33.jpg,8.92
blr_34-34.jpg,7.51
blr_34-35.jpg,0.83
blr_34-36.jpg,1.79
blr_34-37.jpg,6.63
blr_34-38.jpg,9.8
blr_34-39.jpg,4.58
blr_34-4.jpg,0.08
blr_34-40.jpg,1.68
blr_34-41.jpg,4.89
blr_34-42.jpg,1.75
blr_34-43.jpg,6.55
blr_34-8.jpg,1.18
blr_34-9.jpg,2.48
blr_35-1.jpg,11.55
blr_35-10.jpg,4.76
blr_35-11.jpg,3.77
blr_35-12.jpg,2.1
blr_35-13.jpg,2.22
blr_35-14.jpg,8.31
blr_35-15.jpg,15.33
blr_35-16.jpg,11.86
blr_35-17.jpg,6.57
blr_35-18.jpg,2.63
blr_35-19.jpg,26.31
blr_35-2.jpg,0.1
blr_35-20.jpg,48.93
blr_35-21.jpg,25.08
blr_35-22.jpg,4.75
blr_35-23.jpg,7.33
blr_35-24.jpg,1.28
blr_35-25.jpg,1.52
blr_33-6.jpg,1.08
blr_33-60.jpg,21.58
blr_33-61.jpg,37.18
blr_33-62.jpg,14.43
blr_33-63.jpg,13.35
blr_33-64.jpg,3.96
blr_33-65.jpg,2.33
blr_33-66.jpg,3.89
blr_33-7.jpg,4.45
blr_33-8.jpg,0.15
blr_33-9.jpg,0.17
blr_34-1.jpg,1.15
blr_34-10.jpg,1.73
blr_34-11.jpg,6.3
blr_34-12.jpg,1.48
blr_34-13.jpg,1.71
blr_34-14.jpg,8.69
blr_34-15.jpg,23.01
blr_34-16.jpg,21.14
blr_34-17.jpg,15.09
blr_34-18.jpg,9.97
blr_71-51.jpg,1.56
blr_71-52.jpg,2.66
blr_71-53.jpg,3.6
blr_71-54.jpg,1.22
blr_71-55.jpg,0.09
blr_71-56.jpg,0.25
blr_71-57.jpg,0.05
blr_71-58.jpg,0.17
blr_71-59.jpg,0.01
blr_71-6.jpg,1.8
blr_71-60.jpg,0.05
blr_71-61.jpg,2.1
blr_71-62.jpg,2.22
blr_71-63.jpg,5.58
blr_71-64.jpg,10.93
blr_71-65.jpg,0.74
blr_71-66.jpg,1.5
blr_71-7.jpg,0.3
blr_71-8.jpg,2.38
blr_71-9.jpg,5.43
blr_72-1.jpg,11.1
blr_72-10.jpg,1.02
blr_72-11.jpg,2.41
blr_72-12.jpg,0.69
blr_72-13.jpg,1.35
blr_72-14.jpg,2.54
blr_72-15.jpg,7.92
blr_72-16.jpg,2.27
blr_57-38.jpg,24.35
blr_57-39.jpg,11.1
blr_57-4.jpg,3.38
blr_57-40.jpg,52.62
blr_57-41.jpg,99.97
blr_57-42.jpg,91.89
blr_57-43.jpg,7.88
blr_57-44.jpg,9.76
blr_57-45.jpg,12.38
blr_57-46.jpg,47.89
blr_57-47.jpg,5.01
blr_57-48.jpg,9.05
blr_57-49.jpg,13.72
blr_57-5.jpg,1.37
blr_57-50.jpg,2.72
blr_57-51.jpg,5.72
blr_57-52.jpg,1.57
blr_57-53.jpg,1.23
blr_57-54.jpg,19.95
blr_57-55.jpg,9.91
blr_57-56.jpg,8.33
blr_57-57.jpg,6.88
blr_57-58.jpg,8.53
blr_67-55.jpg,3.01
blr_67-56.jpg,2.42
blr_67-57.jpg,1.74
blr_67-58.jpg,0.98
blr_67-59.jpg,3.79
blr_67-6.jpg,0.04
blr_67-60.jpg,3.33
blr_67-61.jpg,1.93
blr_67-62.jpg,26.93
blr_67-63.jpg,88.03
blr_67-64.jpg,63.1
blr_67-65.jpg,7.11
blr_67-66.jpg,1.25
blr_67-7.jpg,2.93
blr_67-8.jpg,30.61
blr_67-9.jpg,49.02
blr_68-1.jpg,0.18
blr_68-10.jpg,33.81
blr_68-11.jpg,1.38
blr_68-12.jpg,0.44
blr_68-13.jpg,0.17
blr_68-14.jpg,0.16
blr_68-15.jpg,1.37
blr_68-16.jpg,4.8
blr_68-17.jpg,6.87
blr_68-18.jpg,0.34
blr_68-19.jpg,3.06
blr_68-2.jpg,1.91
blr_68-20.jpg,3.83
blr_33-10.jpg,0.48
blr_33-11.jpg,2.21
blr_33-12.jpg,2.13
blr_33-13.jpg,3.07
blr_33-14.jpg,15.4
blr_33-15.jpg,19.04
blr_33-16.jpg,20.13
blr_33-17.jpg,9.58
blr_33-18.jpg,21.61
blr_33-19.jpg,16.57
blr_33-2.jpg,0.64
blr_33-20.jpg,16.83
blr_33-21.jpg,9.82
blr_33-22.jpg,13.69
blr_33-23.jpg,23.66
blr_33-24.jpg,5.36
blr_33-25.jpg,9.58
blr_33-26.jpg,5.79
blr_33-27.jpg,5.22
blr_33-28.jpg,8.56
blr_33-29.jpg,4.45
blr_33-3.jpg,9.19
blr_33-30.jpg,5.55
blr_33-31.jpg,6.82
blr_33-32.jpg,8.76
blr_33-33.jpg,3.07
blr_33-34.jpg,13.87
blr_33-35.jpg,3.91
blr_33-36.jpg,6.64
blr_33-37.jpg,1.6
blr_33-38.jpg,13.59
blr_33-39.jpg,10.5
blr_33-4.jpg,0.15
blr_33-40.jpg,6.31
blr_33-41.jpg,11.31
blr_31-65.jpg,5.8
blr_31-66.jpg,35.66
blr_31-7.jpg,0.0
blr_31-8.jpg,0.3
blr_31-9.jpg,1.68
blr_32-1.jpg,2.86
blr_32-10.jpg,0.4
blr_32-11.jpg,7.07
blr_32-12.jpg,3.31
blr_32-13.jpg,3.96
blr_32-14.jpg,4.98
blr_32-15.jpg,2.82
blr_32-16.jpg,2.81
blr_32-17.jpg,3.16
blr_32-18.jpg,14.08
blr_32-19.jpg,11.88
blr_32-2.jpg,1.53
blr_32-20.jpg,35.65
blr_32-21.jpg,17.3
blr_32-22.jpg,12.93
blr_32-23.jpg,12.23
blr_32-24.jpg,8.69
blr_32-25.jpg,13.1
blr_32-26.jpg,3.61
blr_32-27.jpg,9.98
blr_32-28.jpg,2.85
blr_32-29.jpg,3.37
blr_30-64.jpg,46.34
blr_30-65.jpg,16.92
blr_30-66.jpg,56.16
blr_30-7.jpg,1.92
blr_30-8.jpg,6.03
blr_30-9.jpg,2.82
blr_31-1.jpg,0.85
blr_31-10.jpg,1.72
blr_31-11.jpg,6.68
blr_31-12.jpg,10.77
blr_31-13.jpg,2.66
blr_31-14.jpg,9.09
blr_31-15.jpg,11.17
blr_31-16.jpg,1.26
blr_31-17.jpg,7.35
blr_31-18.jpg,5.72
blr_31-19.jpg,11.85
blr_31-2.jpg,4.18
blr_31-20.jpg,6.83
blr_31-21.jpg,12.76
blr_31-22.jpg,25.56
blr_31-23.jpg,15.77
blr_31-24.jpg,10.4
blr_31-25.jpg,9.83
blr_31-26.jpg,3.61
blr_31-27.jpg,13.32
blr_31-28.jpg,1.02
blr_31-29.jpg,0.68
blr_31-3.jpg,1.85
blr_31-30.jpg,3.21
blr_31-31.jpg,4.74
blr_31-33.jpg,10.26
blr_31-34.jpg,2.99
blr_31-35.jpg,3.52
blr_31-36.jpg,6.43
blr_31-37.jpg,8.75
blr_31-38.jpg,5.95
blr_31-39.jpg,14.76
blr_31-4.jpg,4.78
blr_31-40.jpg,6.36
blr_31-41.jpg,5.14
blr_31-42.jpg,7.37
blr_31-43.jpg,28.66
blr_31-44.jpg,21.82
blr_31-45.jpg,4.79
blr_31-46.jpg,26.15
blr_31-47.jpg,6.98
blr_31-48.jpg,5.63
blr_31-49.jpg,5.98
blr_31-5.jpg,7.15
blr_31-50.jpg,9.99
blr_31-51.jpg,14.07
blr_31-52.jpg,1.83
blr_31-53.jpg,0.99
blr_31-54.jpg,4.4
blr_31-55.jpg,10.71
blr_31-56.jpg,2.71
blr_31-57.jpg,2.47
blr_31-58.jpg,11.28
blr_31-59.jpg,19.38
blr_31-6.jpg,0.29
blr_31-60.jpg,80.97
blr_31-61.jpg,44.81
blr_31-62.jpg,47.98
blr_31-63.jpg,38.97
blr_30-44.jpg,2.38
blr_30-45.jpg,5.48
blr_30-46.jpg,18.57
blr_30-47.jpg,11.53
blr_30-48.jpg,4.49
blr_30-49.jpg,4.07
blr_30-5.jpg,5.57
blr_30-50.jpg,13.64
blr_30-51.jpg,23.71
blr_30-52.jpg,9.1
blr_30-53.jpg,2.08
blr_30-54.jpg,13.08
blr_30-55.jpg,8.47
blr_30-56.jpg,7.05
blr_30-57.jpg,14.78
blr_30-58.jpg,8.12
blr_30-59.jpg,4.14
blr_30-6.jpg,0.04
blr_30-60.jpg,17.17
blr_30-61.jpg,35.9
blr_30-62.jpg,35.58
blr_3-1.jpg,1.21
blr_3-10.jpg,2.34
blr_3-11.jpg,3.73
blr_3-12.jpg,0.17
blr_3-13.jpg,2.05
blr_3-14.jpg,6.86
blr_3-15.jpg,4.96
blr_3-16.jpg,7.84
blr_3-17.jpg,12.88
blr_3-18.jpg,3.5
blr_3-19.jpg,1.49
blr_3-2.jpg,0.76
blr_3-20.jpg,1.35
blr_3-21.jpg,2.92
blr_3-22.jpg,9.95
blr_3-23.jpg,5.2
blr_3-24.jpg,5.26
blr_3-25.jpg,8.76
blr_3-26.jpg,3.53
blr_3-27.jpg,7.36
blr_3-28.jpg,1.15
blr_3-29.jpg,0.57
blr_3-3.jpg,4.07
blr_3-30.jpg,5.24
blr_3-31.jpg,9.24
blr_3-32.jpg,8.57
blr_3-33.jpg,5.24
blr_3-34.jpg,2.67
blr_3-35.jpg,3.48
blr_29-34.jpg,0.77
blr_29-35.jpg,1.6
blr_29-36.jpg,3.24
blr_29-37.jpg,3.52
blr_29-38.jpg,3.71
blr_29-39.jpg,2.29
blr_29-4.jpg,1.5
blr_29-40.jpg,2.19
blr_29-41.jpg,12.8
blr_29-42.jpg,18.86
blr_29-43.jpg,7.97
blr_29-44.jpg,12.95
blr_29-45.jpg,10.37
blr_29-46.jpg,11.44
blr_29-47.jpg,20.99
blr_29-48.jpg,4.11
blr_29-49.jpg,6.65
blr_29-5.jpg,6.67
blr_29-50.jpg,7.41
blr_29-11.jpg,1.05
blr_29-12.jpg,2.94
blr_29-13.jpg,7.65
blr_29-14.jpg,10.17
blr_29-15.jpg,3.4
blr_29-16.jpg,1.98
blr_29-17.jpg,2.8
blr_29-18.jpg,18.2
blr_29-19.jpg,22.09
blr_29-2.jpg,1.12
blr_29-20.jpg,25.03
blr_29-21.jpg,5.06
blr_29-22.jpg,9.36
blr_29-23.jpg,10.48
blr_29-24.jpg,10.18
blr_29-25.jpg,15.36
blr_29-26.jpg,2.32
blr_29-27.jpg,0.51
blr_29-28.jpg,0.54
blr_29-29.jpg,0.99
blr_29-3.jpg,0.32
blr_29-30.jpg,3.44
blr_29-31.jpg,4.05
blr_29-32.jpg,2.02
blr_29-52.jpg,4.02
blr_29-53.jpg,0.52
blr_29-54.jpg,3.95
blr_29-55.jpg,10.86
blr_29-56.jpg,18.5
blr_29-57.jpg,32.73
blr_29-58.jpg,20.4
blr_29-59.jpg,50.56
blr_29-6.jpg,0.56
blr_29-60.jpg,21.98
blr_29-61.jpg,5.87
blr_29-62.jpg,7.49
blr_29-63.jpg,25.83
blr_29-64.jpg,37.88
blr_29-65.jpg,46.39
blr_29-66.jpg,39.32
blr_29-7.jpg,1.29
blr_29-8.jpg,2.85
blr_36-61.jpg,15.36
blr_37-22.jpg,11.92
blr_37-54.jpg,10.02
blr_38-12.jpg,6.63
blr_38-3.jpg,2.67
blr_38-50.jpg,3.96
blr_39-20.jpg,2.58
blr_39-43.jpg,15.24
blr_39-66.jpg,14.96
blr_4-4.jpg,1.01
blr_4-8.jpg,1.58
blr_40-25.jpg,48.53
blr_40-42.jpg,40.44
blr_40-62.jpg,15.56
blr_41-23.jpg,21.24
blr_41-43.jpg,24.88
blr_41-61.jpg,37.66
blr_42-34.jpg,76.26
blr_42-53.jpg,37.71
blr_43-15.jpg,0.0
blr_43-37.jpg,11.02
blr_43-55.jpg,6.62
blr_44-19.jpg,6.0
blr_44-40.jpg,9.63
blr_44-59.jpg,1.89
blr_28-52.jpg,0.95
blr_28-53.jpg,0.53
blr_28-54.jpg,1.9
blr_28-55.jpg,5.3
blr_28-56.jpg,1.85
blr_28-57.jpg,13.67
blr_28-58.jpg,16.2
blr_28-59.jpg,18.31
blr_28-6.jpg,3.81
blr_28-60.jpg,10.77
blr_28-61.jpg,3.54
blr_28-62.jpg,18.63
blr_28-63.jpg,36.65
blr_28-64.jpg,33.89
blr_28-65.jpg,33.75
blr_28-66.jpg,69.29
blr_28-7.jpg,1.03
blr_28-8.jpg,0.8
blr_28-9.jpg,2.68
blr_29-1.jpg,0.3
blr_28-1.jpg,1.07
blr_28-10.jpg,3.92
blr_28-11.jpg,0.47
blr_28-12.jpg,5.62
blr_28-13.jpg,11.0
blr_28-14.jpg,12.63
blr_28-15.jpg,6.47
blr_28-16.jpg,1.11
blr_28-17.jpg,3.57
blr_28-18.jpg,7.87
blr_28-19.jpg,3.57
blr_28-2.jpg,0.46
blr_28-20.jpg,4.05
blr_28-21.jpg,1.23
blr_28-22.jpg,7.58
blr_28-23.jpg,18.95
blr_28-24.jpg,17.98
blr_28-25.jpg,10.97
blr_28-26.jpg,2.54
blr_28-27.jpg,1.52
blr_28-28.jpg,0.45
blr_28-29.jpg,0.78
blr_28-3.jpg,0.63
blr_28-30.jpg,8.77
blr_28-32.jpg,14.99
blr_28-33.jpg,11.81
blr_28-34.jpg,3.65
blr_28-35.jpg,5.29
blr_28-36.jpg,7.65
blr_28-37.jpg,4.48
blr_28-38.jpg,23.22
blr_28-39.jpg,10.08
blr_28-4.jpg,5.03
blr_28-40.jpg,27.0
blr_28-41.jpg,19.53
blr_28-42.jpg,27.54
blr_28-43.jpg,22.3
blr_28-44.jpg,22.67
blr_28-45.jpg,12.52
blr_28-46.jpg,18.16
blr_28-47.jpg,43.04
blr_28-48.jpg,10.98
blr_28-49.jpg,27.77
blr_28-5.jpg,4.5
blr_28-50.jpg,14.04
blr_27-35.jpg,6.35
blr_27-36.jpg,6.47
blr_27-37.jpg,13.56
blr_27-38.jpg,38.23
blr_27-39.jpg,62.82
blr_27-4.jpg,9.19
blr_27-40.jpg,44.0
blr_27-41.jpg,50.32
blr_27-42.jpg,24.57
blr_27-43.jpg,19.1
blr_27-44.jpg,20.4
blr_27-45.jpg,10.81
blr_27-46.jpg,14.57
blr_27-47.jpg,16.66
blr_27-48.jpg,13.26
blr_27-49.jpg,14.29
blr_27-5.jpg,7.64
blr_27-51.jpg,4.71
blr_27-52.jpg,1.68
blr_27-53.jpg,2.72
blr_27-54.jpg,6.48
blr_27-55.jpg,1.33
blr_27-56.jpg,12.12
blr_27-57.jpg,37.15
blr_27-58.jpg,15.55
blr_27-59.jpg,15.64
blr_27-6.jpg,5.8
blr_27-60.jpg,17.54
blr_27-61.jpg,22.19
blr_27-62.jpg,22.43
blr_27-63.jpg,45.11
blr_27-64.jpg,40.9
blr_27-65.jpg,35.53
blr_27-66.jpg,48.02
blr_27-7.jpg,2.56
blr_27-8.jpg,0.33
blr_27-19.jpg,2.77
blr_27-2.jpg,5.69
blr_27-20.jpg,2.01
blr_27-21.jpg,3.72
blr_27-22.jpg,13.73
blr_27-23.jpg,22.63
blr_27-24.jpg,13.63
blr_27-25.jpg,12.05
blr_27-26.jpg,5.49
blr_27-27.jpg,2.3
blr_27-28.jpg,4.51
blr_27-29.jpg,3.82
blr_27-3.jpg,4.43
blr_27-30.jpg,1.32
blr_27-31.jpg,15.36
blr_27-32.jpg,5.13
blr_27-33.jpg,10.3
blr_26-50.jpg,42.8
blr_26-51.jpg,12.56
blr_26-52.jpg,6.3
blr_26-53.jpg,4.43
blr_26-54.jpg,4.55
blr_26-55.jpg,9.75
blr_26-56.jpg,0.73
blr_26-57.jpg,26.7
blr_26-58.jpg,30.63
blr_26-59.jpg,5.38
blr_26-6.jpg,3.51
blr_26-60.jpg,20.81
blr_26-61.jpg,30.89
blr_26-62.jpg,43.26
blr_26-63.jpg,33.64
blr_26-64.jpg,29.14
blr_26-65.jpg,26.49
blr_26-66.jpg,15.17
blr_26-7.jpg,3.66
blr_26-8.jpg,2.75
blr_26-9.jpg,0.3
blr_27-1.jpg,8.8
blr_27-10.jpg,4.13
blr_27-11.jpg,1.89
blr_27-12.jpg,5.88
blr_27-13.jpg,23.9
blr_27-14.jpg,17.41
blr_27-15.jpg,2.59
blr_27-16.jpg,0.53
blr_27-17.jpg,3.78
blr_51-3.jpg,4.87
blr_51-30.jpg,14.14
blr_51-31.jpg,15.95
blr_51-32.jpg,31.3
blr_51-33.jpg,26.64
blr_51-34.jpg,27.9
blr_51-35.jpg,22.53
blr_51-36.jpg,15.56
blr_51-37.jpg,22.03
blr_51-38.jpg,12.94
blr_51-39.jpg,22.52
blr_51-4.jpg,8.09
blr_51-40.jpg,18.32
blr_51-41.jpg,58.0
blr_51-42.jpg,29.99
blr_51-43.jpg,18.18
blr_51-44.jpg,41.06
blr_51-45.jpg,19.66
blr_51-46.jpg,12.32
blr_51-47.jpg,3.95
blr_51-48.jpg,6.35
blr_51-49.jpg,2.32
blr_51-5.jpg,6.24
blr_51-50.jpg,6.91
blr_51-51.jpg,4.83
blr_51-52.jpg,3.48
blr_51-53.jpg,11.39
blr_51-54.jpg,10.33
blr_51-55.jpg,2.3
blr_51-56.jpg,0.8
blr_51-57.jpg,1.4
blr_51-58.jpg,2.31
blr_26-11.jpg,1.02
blr_26-12.jpg,8.82
blr_26-13.jpg,31.64
blr_26-14.jpg,63.06
blr_26-15.jpg,4.57
blr_26-16.jpg,3.44
blr_26-17.jpg,0.96
blr_26-18.jpg,2.93
blr_26-19.jpg,1.29
blr_26-2.jpg,15.02
blr_26-20.jpg,1.94
blr_26-21.jpg,3.58
blr_26-22.jpg,5.76
blr_26-23.jpg,7.35
blr_26-24.jpg,9.66
blr_26-25.jpg,28.32
blr_26-26.jpg,11.2
blr_26-27.jpg,10.98
blr_26-28.jpg,2.42
blr_25-31.jpg,2.01
blr_25-32.jpg,8.81
blr_25-33.jpg,13.2
blr_25-34.jpg,8.0
blr_25-35.jpg,10.78
blr_25-36.jpg,6.69
blr_25-37.jpg,9.79
blr_25-38.jpg,13.85
blr_25-39.jpg,20.21
blr_25-4.jpg,15.99
blr_25-40.jpg,25.75
blr_25-41.jpg,19.04
blr_25-42.jpg,31.93
blr_25-43.jpg,29.7
blr_25-44.jpg,25.39
blr_25-45.jpg,20.31
blr_25-46.jpg,16.19
blr_25-47.jpg,36.27
blr_25-48.jpg,49.92
blr_25-49.jpg,46.22
blr_25-5.jpg,11.26
blr_25-50.jpg,51.54
blr_25-51.jpg,16.96
blr_25-52.jpg,10.48
blr_24-32.jpg,21.74
blr_24-33.jpg,17.42
blr_24-34.jpg,10.06
blr_24-35.jpg,14.23
blr_24-36.jpg,50.6
blr_24-37.jpg,10.03
blr_24-38.jpg,4.78
blr_24-39.jpg,6.83
blr_24-4.jpg,11.94
blr_24-40.jpg,26.38
blr_24-41.jpg,23.45
blr_24-42.jpg,21.81
blr_24-43.jpg,30.62
blr_24-44.jpg,27.85
blr_24-45.jpg,21.03
blr_24-46.jpg,19.04
blr_24-47.jpg,53.7
blr_24-48.jpg,15.7
blr_24-49.jpg,17.83
blr_24-5.jpg,4.08
blr_24-50.jpg,6.02
blr_24-51.jpg,1.04
blr_24-52.jpg,18.62
blr_24-53.jpg,27.05
blr_24-54.jpg,5.03
blr_24-55.jpg,22.38
blr_24-56.jpg,51.04
blr_24-57.jpg,32.07
blr_24-58.jpg,31.91
blr_24-59.jpg,24.12
blr_24-6.jpg,6.57
blr_24-60.jpg,8.93
blr_23-58.jpg,49.32
blr_23-59.jpg,30.46
blr_23-6.jpg,2.08
blr_23-60.jpg,34.41
blr_23-61.jpg,20.44
blr_23-62.jpg,15.43
blr_23-63.jpg,6.46
blr_23-64.jpg,3.02
blr_23-65.jpg,21.31
blr_23-66.jpg,16.72
blr_23-7.jpg,0.53
blr_23-8.jpg,3.85
blr_23-9.jpg,4.27
blr_24-1.jpg,13.86
blr_24-10.jpg,4.32
blr_24-11.jpg,5.41
blr_24-12.jpg,2.63
blr_24-13.jpg,2.01
blr_24-14.jpg,0.82
blr_54-15.jpg,2.88
blr_54-16.jpg,3.92
blr_54-17.jpg,3.62
blr_54-18.jpg,4.0
blr_54-19.jpg,2.85
blr_54-2.jpg,2.89
blr_54-20.jpg,26.16
blr_54-21.jpg,30.8
blr_54-22.jpg,2.66
blr_54-23.jpg,3.02
blr_54-24.jpg,1.89
blr_54-25.jpg,3.38
blr_54-26.jpg,6.99
blr_54-27.jpg,9.42
blr_54-28.jpg,6.32
blr_54-29.jpg,31.02
blr_54-3.jpg,9.42
blr_54-30.jpg,11.8
blr_23-24.jpg,2.64
blr_23-25.jpg,6.19
blr_23-26.jpg,4.96
blr_23-27.jpg,1.56
blr_23-28.jpg,0.79
blr_23-29.jpg,0.73
blr_23-3.jpg,16.13
blr_23-30.jpg,1.1
blr_23-31.jpg,19.58
blr_23-32.jpg,25.35
blr_23-33.jpg,43.12
blr_23-34.jpg,3.47
blr_23-35.jpg,6.92
blr_23-36.jpg,12.7
blr_23-37.jpg,4.62
blr_23-38.jpg,10.44
blr_23-39.jpg,4.99
blr_23-4.jpg,11.14
blr_76-51.jpg,0.85
blr_76-52.jpg,4.07
blr_76-53.jpg,2.58
blr_76-54.jpg,5.94
blr_76-55.jpg,4.45
blr_76-56.jpg,1.51
blr_76-57.jpg,0.0
blr_76-58.jpg,0.4
blr_76-59.jpg,1.07
blr_76-6.jpg,0.83
blr_76-60.jpg,3.72
blr_76-61.jpg,1.81
blr_76-62.jpg,2.11
blr_76-63.jpg,4.61
blr_76-64.jpg,0.3
blr_76-65.jpg,1.5
blr_76-66.jpg,4.22
blr_76-7.jpg,3.94
blr_76-8.jpg,1.76
blr_76-9.jpg,0.7
blr_8-1.jpg,1.19
blr_8-10.jpg,4.3
blr_8-11.jpg,3.97
blr_21-41.jpg,1.19
blr_21-42.jpg,1.32
blr_21-43.jpg,18.33
blr_21-44.jpg,19.39
blr_21-45.jpg,22.27
blr_21-46.jpg,17.17
blr_21-47.jpg,34.26
blr_21-48.jpg,53.01
blr_21-49.jpg,50.61
blr_21-5.jpg,14.14
blr_21-50.jpg,55.98
blr_21-51.jpg,57.68
blr_21-52.jpg,13.33
blr_21-53.jpg,11.2
blr_21-54.jpg,14.23
blr_21-55.jpg,2.71
blr_21-56.jpg,6.79
blr_21-57.jpg,13.35
blr_21-58.jpg,12.34
blr_21-59.jpg,15.48
blr_21-6.jpg,5.34
blr_21-60.jpg,21.21
blr_21-61.jpg,5.46
blr_21-62.jpg,7.15
blr_21-63.jpg,3.75
blr_21-64.jpg,18.7
blr_21-65.jpg,17.35
blr_21-66.jpg,8.33
blr_21-7.jpg,12.34
blr_21-8.jpg,6.28
blr_21-9.jpg,3.53
blr_52-9.jpg,8.19
blr_53-1.jpg,0.48
blr_53-10.jpg,22.06
blr_53-11.jpg,9.3
blr_53-12.jpg,1.31
blr_53-13.jpg,0.93
blr_53-14.jpg,4.27
blr_53-15.jpg,3.9
blr_53-16.jpg,4.76
blr_53-17.jpg,14.21
blr_53-18.jpg,7.11
blr_53-19.jpg,2.76
blr_53-2.jpg,0.21
blr_53-20.jpg,1.2
blr_53-21.jpg,29.8
blr_53-22.jpg,2.66
blr_53-23.jpg,2.66
blr_53-24.jpg,2.95
blr_53-25.jpg,7.63
blr_53-26.jpg,9.75
blr_53-27.jpg,12.9
blr_53-28.jpg,11.13
blr_53-29.jpg,31.09
blr_53-3.jpg,12.37
blr_53-30.jpg,41.89
blr_53-31.jpg,31.67
blr_53-32.jpg,51.65
blr_53-33.jpg,48.51
blr_53-34.jpg,29.8
blr_53-35.jpg,15.6
blr_53-36.jpg,45.58
blr_53-37.jpg,48.22
blr_24-62.jpg,16.61
blr_24-63.jpg,21.43
blr_24-64.jpg,7.7
blr_24-65.jpg,8.11
blr_24-66.jpg,8.21
blr_24-7.jpg,2.29
blr_24-8.jpg,2.29
blr_24-9.jpg,1.3
blr_25-1.jpg,3.25
blr_25-10.jpg,0.31
blr_25-11.jpg,1.08
blr_25-12.jpg,2.13
blr_25-13.jpg,11.1
blr_25-14.jpg,5.29
blr_25-15.jpg,1.7
blr_25-16.jpg,1.32
blr_25-17.jpg,3.78
blr_25-18.jpg,1.57
blr_25-19.jpg,3.2
blr_25-2.jpg,1.51
blr_25-20.jpg,4.3
blr_25-21.jpg,3.75
blr_25-22.jpg,5.88
blr_25-23.jpg,7.68
blr_25-24.jpg,16.6
blr_25-25.jpg,16.79
blr_25-26.jpg,22.61
blr_25-27.jpg,9.59
blr_25-28.jpg,2.23
blr_25-29.jpg,0.13
blr_25-3.jpg,35.1
blr_20-35.jpg,0.27
blr_20-36.jpg,0.48
blr_20-37.jpg,2.11
blr_20-38.jpg,3.66
blr_20-39.jpg,6.19
blr_20-4.jpg,11.12
blr_20-40.jpg,2.37
blr_20-41.jpg,2.62
blr_20-42.jpg,2.53
blr_20-43.jpg,1.86
blr_20-44.jpg,5.61
blr_20-45.jpg,5.91
blr_20-46.jpg,12.33
blr_20-47.jpg,19.16
blr_20-48.jpg,24.9
blr_20-49.jpg,24.07
blr_20-5.jpg,6.05
blr_20-50.jpg,22.84
blr_20-51.jpg,44.14
blr_20-52.jpg,54.99
blr_20-53.jpg,39.83
blr_20-54.jpg,11.85
blr_20-55.jpg,1.61
blr_20-56.jpg,9.41
blr_20-57.jpg,11.1
blr_20-58.jpg,3.87
blr_20-59.jpg,14.01
blr_20-6.jpg,1.56
blr_55-23.jpg,7.46
blr_55-24.jpg,3.78
blr_55-25.jpg,4.21
blr_55-26.jpg,6.14
blr_55-27.jpg,6.9
blr_55-28.jpg,15.81
blr_55-29.jpg,17.64
blr_55-3.jpg,12.73
blr_55-30.jpg,16.7
blr_55-31.jpg,21.31
blr_55-32.jpg,60.01
blr_55-33.jpg,50.62
blr_55-34.jpg,22.96
blr_55-35.jpg,19.88
blr_55-36.jpg,26.96
blr_55-37.jpg,41.7
blr_55-38.jpg,13.64
blr_55-39.jpg,13.39
blr_55-4.jpg,9.62
blr_55-40.jpg,65.0
blr_55-41.jpg,83.05
blr_55-42.jpg,99.84
blr_55-43.jpg,43.13
blr_55-44.jpg,11.78
blr_55-45.jpg,19.64
blr_55-46.jpg,15.56
blr_55-47.jpg,11.69
blr_65-32.jpg,15.54
blr_65-33.jpg,19.5
blr_65-34.jpg,14.89
blr_65-35.jpg,25.82
blr_65-36.jpg,14.13
blr_65-37.jpg,13.57
blr_65-38.jpg,7.2
blr_65-39.jpg,4.9
blr_65-4.jpg,3.27
blr_65-40.jpg,6.09
blr_65-41.jpg,3.72
blr_65-42.jpg,2.4
blr_65-43.jpg,5.01
blr_65-44.jpg,8.94
blr_65-45.jpg,12.39
blr_65-46.jpg,12.98
blr_65-47.jpg,12.25
blr_65-48.jpg,9.57
blr_65-49.jpg,8.44
blr_22-40.jpg,4.02
blr_22-41.jpg,7.88
blr_22-42.jpg,11.52
blr_22-43.jpg,9.43
blr_22-44.jpg,19.84
blr_22-45.jpg,20.5
blr_22-46.jpg,12.43
blr_22-47.jpg,55.33
blr_22-48.jpg,17.68
blr_22-49.jpg,26.48
blr_22-5.jpg,20.09
blr_22-50.jpg,28.11
blr_22-51.jpg,10.08
blr_22-52.jpg,4.45
blr_22-53.jpg,18.85
blr_22-54.jpg,24.0
blr_22-55.jpg,0.39
blr_22-56.jpg,14.51
blr_22-57.jpg,27.85
blr_22-58.jpg,44.38
blr_22-59.jpg,19.27
blr_22-6.jpg,7.29
blr_22-60.jpg,23.33
blr_22-61.jpg,16.68
blr_22-62.jpg,7.08
blr_19-28.jpg,11.17
blr_19-29.jpg,29.45
blr_19-3.jpg,5.01
blr_19-30.jpg,21.89
blr_19-31.jpg,5.23
blr_19-32.jpg,6.2
blr_19-33.jpg,7.37
blr_19-34.jpg,9.19
blr_19-35.jpg,1.04
blr_19-36.jpg,0.0
blr_19-37.jpg,0.65
blr_19-38.jpg,9.0
blr_19-39.jpg,8.91
blr_19-4.jpg,0.27
blr_19-40.jpg,15.94
blr_19-41.jpg,22.23
blr_19-42.jpg,38.85
blr_19-43.jpg,25.8
blr_19-44.jpg,1.89
blr_19-45.jpg,1.7
blr_19-46.jpg,0.57
blr_19-47.jpg,13.52
blr_19-48.jpg,19.34
blr_19-49.jpg,10.95
blr_19-5.jpg,6.4
blr_19-50.jpg,27.24
blr_29-33.jpg,0.99
blr_29-51.jpg,2.13
blr_29-9.jpg,8.44
blr_3-36.jpg,3.75
blr_3-58.jpg,8.44
blr_30-25.jpg,8.91
blr_30-43.jpg,5.9
blr_30-63.jpg,61.32
blr_31-32.jpg,4.07
blr_31-64.jpg,10.24
blr_32-3.jpg,3.4
blr_32-49.jpg,5.42
blr_33-1.jpg,2.12
blr_33-42.jpg,6.91
blr_33-59.jpg,28.11
blr_34-19.jpg,33.75
blr_34-44.jpg,2.43
blr_34-7.jpg,0.15
blr_35-26.jpg,15.49
blr_35-43.jpg,5.1
blr_35-63.jpg,2.56
blr_36-25.jpg,4.37
blr_18-20.jpg,3.01
blr_18-21.jpg,0.66
blr_18-22.jpg,4.27
blr_18-23.jpg,21.43
blr_18-24.jpg,7.72
blr_18-25.jpg,8.98
blr_18-26.jpg,36.62
blr_18-27.jpg,18.51
blr_18-28.jpg,1.9
blr_18-29.jpg,23.95
blr_18-3.jpg,6.68
blr_18-30.jpg,14.22
blr_18-31.jpg,2.08
blr_18-32.jpg,3.44
blr_18-33.jpg,1.88
blr_18-34.jpg,11.74
blr_18-35.jpg,3.64
blr_18-36.jpg,0.73
blr_18-37.jpg,4.12
blr_18-38.jpg,4.3
blr_18-39.jpg,7.84
blr_18-4.jpg,2.22
blr_18-40.jpg,9.17
blr_18-41.jpg,5.2
blr_18-42.jpg,2.46
blr_18-43.jpg,24.01
blr_18-44.jpg,31.99
blr_18-45.jpg,1.0
blr_18-46.jpg,0.33
blr_18-47.jpg,1.66
blr_18-48.jpg,11.65
blr_18-49.jpg,20.43
blr_18-5.jpg,2.37
blr_18-50.jpg,27.66
blr_18-51.jpg,35.8
blr_32-30.jpg,4.94
blr_32-31.jpg,3.16
blr_32-32.jpg,6.17
blr_32-33.jpg,2.83
blr_32-34.jpg,9.5
blr_32-35.jpg,9.51
blr_32-36.jpg,11.77
blr_32-37.jpg,5.43
blr_32-38.jpg,3.19
blr_32-39.jpg,5.99
blr_32-4.jpg,6.22
blr_32-40.jpg,4.07
blr_32-41.jpg,6.27
blr_32-42.jpg,4.43
blr_32-43.jpg,1.49
blr_32-44.jpg,1.85
blr_32-45.jpg,5.66
blr_32-46.jpg,2.29
blr_32-47.jpg,11.87
blr_32-48.jpg,23.43
blr_61-63.jpg,27.82
blr_61-64.jpg,10.55
blr_61-65.jpg,9.86
blr_61-66.jpg,7.83
blr_61-7.jpg,1.61
blr_61-8.jpg,7.05
blr_61-9.jpg,8.88
blr_62-1.jpg,0.55
blr_62-10.jpg,0.93
blr_62-11.jpg,0.1
blr_62-12.jpg,7.73
blr_62-13.jpg,8.89
blr_62-14.jpg,4.95
blr_62-15.jpg,7.7
blr_62-16.jpg,3.52
blr_62-17.jpg,13.63
blr_62-18.jpg,10.03
blr_62-19.jpg,23.47
blr_62-2.jpg,1.83
blr_62-20.jpg,57.07
blr_62-21.jpg,25.79
blr_62-22.jpg,4.86
blr_62-23.jpg,3.71
blr_15-5.jpg,8.45
blr_15-50.jpg,6.62
blr_15-51.jpg,13.3
blr_15-52.jpg,5.11
blr_15-53.jpg,6.5
blr_15-54.jpg,11.71
blr_15-55.jpg,10.44
blr_15-56.jpg,22.42
blr_15-57.jpg,17.5
blr_15-58.jpg,3.72
blr_15-59.jpg,7.23
blr_15-6.jpg,4.93
blr_15-60.jpg,12.73
blr_15-61.jpg,14.9
blr_15-62.jpg,3.13
blr_15-63.jpg,10.13
blr_15-64.jpg,7.92
blr_15-65.jpg,10.04
blr_15-66.jpg,10.68
blr_15-7.jpg,6.24
blr_15-8.jpg,2.16
blr_15-9.jpg,1.83
blr_16-1.jpg,1.8
blr_16-10.jpg,3.77
blr_16-11.jpg,0.75
blr_16-12.jpg,6.81
blr_16-13.jpg,3.52
blr_16-14.jpg,3.06
blr_16-15.jpg,5.02
blr_16-16.jpg,1.54
blr_20-61.jpg,16.72
blr_20-62.jpg,14.07
blr_20-63.jpg,5.47
blr_20-64.jpg,11.47
blr_20-65.jpg,14.58
blr_20-66.jpg,12.22
blr_20-7.jpg,5.74
blr_20-8.jpg,3.15
blr_20-9.jpg,2.8
blr_21-1.jpg,16.82
blr_21-10.jpg,7.58
blr_21-11.jpg,11.46
blr_21-12.jpg,3.16
blr_21-13.jpg,9.29
blr_21-14.jpg,2.99
blr_21-15.jpg,4.1
blr_21-16.jpg,2.77
blr_21-17.jpg,1.44
blr_21-18.jpg,5.72
blr_21-19.jpg,25.94
blr_38-30.jpg,18.35
blr_38-31.jpg,13.74
blr_38-32.jpg,10.78
blr_38-33.jpg,14.44
blr_38-34.jpg,11.5
blr_38-35.jpg,2.62
blr_38-36.jpg,4.74
blr_38-37.jpg,25.18
blr_38-38.jpg,21.46
blr_38-39.jpg,19.87
blr_38-4.jpg,5.79
blr_38-40.jpg,24.1
blr_38-41.jpg,16.31
blr_38-42.jpg,2.96
blr_38-43.jpg,11.42
blr_38-44.jpg,15.12
blr_38-45.jpg,13.83
blr_38-46.jpg,13.49
blr_38-47.jpg,5.39
blr_38-48.jpg,2.81
blr_38-49.jpg,8.0
blr_38-5.jpg,2.85
blr_14-54.jpg,8.6
blr_14-55.jpg,9.55
blr_14-56.jpg,29.38
blr_14-57.jpg,28.67
blr_14-58.jpg,18.19
blr_14-59.jpg,10.01
blr_14-6.jpg,0.63
blr_14-60.jpg,8.4
blr_14-61.jpg,10.11
blr_14-62.jpg,7.45
blr_14-63.jpg,16.77
blr_14-64.jpg,12.05
blr_14-65.jpg,28.99
blr_14-66.jpg,32.73
blr_14-7.jpg,2.83
blr_14-8.jpg,0.76
blr_14-9.jpg,0.69
blr_15-1.jpg,1.87
blr_15-10.jpg,2.8
blr_15-11.jpg,2.34
blr_17-10.jpg,2.89
blr_17-11.jpg,2.16
blr_17-12.jpg,0.4
blr_17-13.jpg,3.56
blr_17-14.jpg,8.78
blr_17-15.jpg,8.46
blr_17-16.jpg,6.56
blr_17-17.jpg,5.66
blr_17-18.jpg,1.45
blr_17-19.jpg,2.94
blr_17-2.jpg,6.89
blr_17-20.jpg,5.44
blr_17-21.jpg,0.86
blr_17-22.jpg,2.11
blr_17-23.jpg,26.75
blr_17-24.jpg,4.04
blr_17-25.jpg,4.54
blr_20-10(1).jpg,10.34
blr_20-10.jpg,10.34
blr_20-11(1).jpg,22.27
blr_20-11.jpg,22.27
blr_20-12(1).jpg,5.54
blr_20-12.jpg,5.54
blr_20-13(1).jpg,0.38
blr_20-13.jpg,0.38
blr_20-14(1).jpg,3.15
blr_20-14.jpg,3.15
blr_20-15(1).jpg,4.4
blr_20-15.jpg,4.4
blr_20-16(1).jpg,0.82
blr_20-16.jpg,0.82
blr_20-17.jpg,7.69
blr_20-18.jpg,4.57
blr_20-19.jpg,2.35
blr_20-2.jpg,9.98
blr_20-20.jpg,3.03
blr_20-21.jpg,0.84
blr_20-22.jpg,1.26
blr_20-23.jpg,7.62
blr_20-24.jpg,7.68
blr_20-25.jpg,15.54
blr_20-26.jpg,23.01
blr_20-27.jpg,13.68
blr_20-28.jpg,13.95
blr_20-29.jpg,20.84
blr_20-3.jpg,2.93
blr_20-30.jpg,15.24
blr_20-31.jpg,13.74
blr_20-32.jpg,4.39
blr_20-33.jpg,5.95
blr_50-63.jpg,0.68
blr_50-64.jpg,3.02
blr_50-65.jpg,2.54
blr_50-66.jpg,0.78
blr_50-7.jpg,10.18
blr_50-8.jpg,8.49
blr_50-9.jpg,5.35
blr_51-1.jpg,6.9
blr_51-10.jpg,3.29
blr_51-11.jpg,1.97
blr_51-12.jpg,0.83
blr_51-13.jpg,2.99
blr_51-14.jpg,4.87
blr_51-15.jpg,11.73
blr_51-16.jpg,1.9
blr_51-17.jpg,3.35
blr_51-18.jpg,7.77
blr_51-19.jpg,2.67
blr_51-2.jpg,6.44
blr_51-20.jpg,4.03
blr_51-21.jpg,6.38
blr_51-22.jpg,4.02
blr_51-23.jpg,3.09
blr_51-24.jpg,3.06
blr_51-25.jpg,12.98
blr_51-26.jpg,13.87
blr_51-27.jpg,1.95
blr_51-28.jpg,15.87
blr_45-8.jpg,3.57
blr_45-9.jpg,10.65
blr_46-1.jpg,0.87
blr_46-10.jpg,2.82
blr_46-11.jpg,2.16
blr_46-12.jpg,3.19
blr_46-13.jpg,27.1
blr_46-14.jpg,18.73
blr_46-15.jpg,0.82
blr_46-16.jpg,13.08
blr_46-17.jpg,56.52
blr_46-18.jpg,43.93
blr_46-19.jpg,3.0
blr_46-2.jpg,6.64
blr_46-20.jpg,3.7
blr_46-21.jpg,15.27
blr_46-22.jpg,1.74
blr_46-23.jpg,1.63
blr_51-6.jpg,2.69
blr_51-60.jpg,2.0
blr_51-61.jpg,1.7
blr_51-62.jpg,1.02
blr_51-63.jpg,0.84
blr_51-64.jpg,2.07
blr_51-65.jpg,2.48
blr_51-66.jpg,3.01
blr_51-7.jpg,5.55
blr_51-8.jpg,2.01
blr_51-9.jpg,0.4
blr_52-1.jpg,1.55
blr_52-10.jpg,0.59
blr_52-11.jpg,1.58
blr_52-12.jpg,0.8
blr_52-13.jpg,0.77
blr_52-14.jpg,1.43
blr_52-15.jpg,2.05
blr_52-16.jpg,5.01
blr_52-17.jpg,6.88
blr_52-18.jpg,4.18
blr_52-19.jpg,10.33
blr_52-2.jpg,5.24
blr_52-20.jpg,9.99
blr_52-21.jpg,8.3
blr_52-22.jpg,5.81
blr_52-23.jpg,1.51
blr_52-24.jpg,5.04
blr_36-62.jpg,2.04
blr_36-63.jpg,0.62
blr_36-64.jpg,7.02
blr_36-65.jpg,60.18
blr_36-66.jpg,38.28
blr_36-7.jpg,4.08
blr_36-8.jpg,12.63
blr_36-9.jpg,2.85
blr_37-1.jpg,7.19
blr_37-10.jpg,1.53
blr_37-11.jpg,2.35
blr_37-12.jpg,1.13
blr_37-13.jpg,2.97
blr_37-14.jpg,6.15
blr_37-15.jpg,2.4
blr_37-16.jpg,3.19
blr_37-17.jpg,3.77
blr_37-18.jpg,4.51
blr_37-19.jpg,10.97
blr_37-2.jpg,7.98
blr_37-20.jpg,10.51
blr_37-21.jpg,9.89
blr_14-14.jpg,1.16
blr_14-15.jpg,4.76
blr_14-16.jpg,1.92
blr_14-17.jpg,1.5
blr_14-18.jpg,3.86
blr_14-19.jpg,6.14
blr_14-2.jpg,0.08
blr_14-20.jpg,8.5
blr_14-21.jpg,2.72
blr_14-22.jpg,3.76
blr_14-23.jpg,2.28
blr_14-24.jpg,5.1
blr_14-25.jpg,0.49
blr_14-26.jpg,2.68
blr_14-27.jpg,5.58
blr_14-28.jpg,6.11
blr_14-29.jpg,5.68
blr_14-3.jpg,2.39
blr_14-30.jpg,1.54
blr_14-31.jpg,2.34
blr_39-44.jpg,15.1
blr_39-45.jpg,13.39
blr_39-46.jpg,8.24
blr_39-47.jpg,9.71
blr_39-48.jpg,0.97
blr_39-49.jpg,12.98
blr_39-5.jpg,11.05
blr_39-50.jpg,9.05
blr_39-51.jpg,7.19
blr_39-52.jpg,5.87
blr_39-53.jpg,12.13
blr_39-54.jpg,10.85
blr_39-55.jpg,10.67
blr_39-56.jpg,23.53
blr_39-57.jpg,9.07
blr_39-58.jpg,22.2
blr_39-59.jpg,3.0
blr_39-6.jpg,16.52
blr_39-60.jpg,5.0
blr_39-61.jpg,22.56
blr_39-62.jpg,2.71
blr_39-63.jpg,6.98
blr_39-64.jpg,7.58
blr_39-65.jpg,6.1
blr_12-9.jpg,4.33
blr_13-1.jpg,0.35
blr_13-10.jpg,3.6
blr_13-11.jpg,1.11
blr_13-12.jpg,3.41
blr_13-13.jpg,0.67
blr_13-14.jpg,7.7
blr_13-15.jpg,4.69
blr_13-16.jpg,2.48
blr_13-17.jpg,0.45
blr_13-18.jpg,0.95
blr_13-19.jpg,1.6
blr_13-2.jpg,6.9
blr_13-20.jpg,1.85
blr_13-21.jpg,1.63
blr_13-22.jpg,5.81
blr_13-23.jpg,2.83
blr_13-24.jpg,0.95
blr_18-53.jpg,32.88
blr_18-54.jpg,31.99
blr_18-55.jpg,25.18
blr_18-56.jpg,17.13
blr_18-57.jpg,30.37
blr_18-58.jpg,16.87
blr_18-59.jpg,12.0
blr_18-6.jpg,0.04
blr_18-60.jpg,18.67
blr_18-61.jpg,10.69
blr_18-62.jpg,5.59
blr_18-63.jpg,9.07
blr_18-64.jpg,16.45
blr_18-65.jpg,6.83
blr_18-66.jpg,4.77
blr_18-7.jpg,0.45
blr_18-8.jpg,1.91
blr_22-10.jpg,5.22
blr_22-11.jpg,6.91
blr_22-12.jpg,3.92
blr_22-13.jpg,4.59
blr_22-14.jpg,1.42
blr_22-15.jpg,0.83
blr_22-16.jpg,1.95
blr_22-17.jpg,6.04
blr_22-18.jpg,2.28
blr_22-19.jpg,6.14
blr_22-2.jpg,68.75
blr_22-20.jpg,14.44
blr_22-21.jpg,0.63
blr_22-22.jpg,1.86
blr_22-23.jpg,6.98
blr_22-24.jpg,20.28
blr_22-25.jpg,19.22
blr_22-26.jpg,15.1
blr_22-27.jpg,18.1
blr_22-28.jpg,1.62
blr_22-29.jpg,2.72
blr_22-3.jpg,72.26
blr_22-30.jpg,8.17
blr_22-31.jpg,2.97
blr_22-32.jpg,3.35
blr_22-33.jpg,11.83
blr_22-34(1).jpg,13.37
blr_22-34.jpg,13.37
blr_22-35.jpg,5.5
blr_22-36.jpg,3.87
blr_22-37.jpg,6.94
blr_22-38.jpg,7.17
blr_22-39.jpg,7.6
blr_15-28.jpg,6.23
blr_15-29(1).jpg,4.6
blr_15-29.jpg,4.6
blr_15-3(1).jpg,0.93
blr_15-3.jpg,0.93
blr_15-30(1).jpg,3.31
blr_15-30.jpg,3.31
blr_15-31.jpg,1.04
blr_15-32.jpg,0.85
blr_15-33.jpg,5.07
blr_15-34.jpg,4.61
blr_15-35.jpg,0.3
blr_15-36.jpg,2.69
blr_15-37.jpg,2.3
blr_15-38.jpg,2.52
blr_15-39.jpg,0.57
blr_15-4.jpg,1.45
blr_15-40.jpg,4.34
blr_15-41.jpg,8.32
blr_15-42.jpg,1.38
blr_15-43.jpg,9.28
blr_15-44.jpg,1.04
blr_15-45.jpg,5.01
blr_15-46.jpg,7.5
blr_15-47.jpg,4.46
blr_15-48.jpg,2.19
blr_8-13.jpg,2.88
blr_8-14.jpg,0.18
blr_8-15.jpg,0.21
blr_8-16.jpg,9.75
blr_8-17.jpg,8.51
blr_8-18.jpg,2.28
blr_8-19.jpg,7.2
blr_8-2.jpg,3.13
blr_8-20.jpg,1.8
blr_8-21.jpg,12.11
blr_8-22.jpg,0.88
blr_8-23.jpg,0.21
blr_8-24.jpg,0.61
blr_8-25.jpg,0.68
blr_8-26.jpg,0.77
blr_8-27.jpg,2.11
blr_8-28.jpg,1.14
blr_8-29.jpg,0.28
blr_8-3.jpg,5.1
blr_8-30.jpg,1.23
blr_8-31.jpg,11.5
blr_8-32.jpg,13.75
blr_8-33.jpg,6.09
blr_8-34.jpg,1.79
blr_8-35.jpg,3.13
blr_8-36.jpg,1.36
blr_8-37.jpg,1.55
blr_8-38.jpg,4.94
blr_8-39.jpg,0.78
blr_11-6.jpg,5.56
blr_11-60.jpg,1.61
blr_11-61.jpg,1.47
blr_11-62.jpg,1.03
blr_11-63.jpg,0.97
blr_11-64.jpg,0.04
blr_11-65.jpg,4.04
blr_11-66.jpg,13.19
blr_11-7.jpg,0.6
blr_11-8.jpg,0.69
blr_11-9.jpg,6.26
blr_12-1.jpg,0.45
blr_12-10.jpg,5.36
blr_12-11.jpg,0.25
blr_12-12.jpg,7.15
blr_12-13.jpg,0.95
blr_12-14.jpg,37.1
blr_12-15.jpg,4.96
blr_12-16.jpg,7.49
blr_12-17.jpg,0.89
blr_16-18.jpg,10.1
blr_16-19.jpg,13.58
blr_16-2.jpg,2.28
blr_16-20.jpg,2.63
blr_16-21.jpg,1.24
blr_16-22.jpg,9.07
blr_16-23.jpg,32.63
blr_16-24.jpg,3.98
blr_16-25.jpg,3.81
blr_16-26.jpg,11.25
blr_16-27.jpg,45.02
blr_16-28.jpg,10.54
blr_16-29.jpg,11.81
blr_16-3.jpg,1.44
blr_16-30.jpg,2.06
blr_16-31.jpg,2.06
blr_16-32.jpg,2.81
blr_16-33.jpg,6.83
blr_16-34.jpg,2.46
blr_16-35.jpg,3.09
blr_16-36.jpg,10.22
blr_16-37.jpg,2.84
blr_16-38.jpg,11.18
blr_16-39.jpg,11.39
blr_16-4.jpg,2.03
blr_16-40.jpg,3.35
blr_16-41.jpg,7.65
blr_33-43.jpg,9.77
blr_33-44.jpg,1.03
blr_33-45.jpg,0.91
blr_33-46.jpg,1.13
blr_33-47.jpg,4.61
blr_33-48.jpg,4.79
blr_33-49.jpg,8.75
blr_33-5.jpg,0.26
blr_33-50.jpg,5.69
blr_33-51.jpg,8.38
blr_33-52.jpg,4.46
blr_33-53.jpg,7.28
blr_33-54.jpg,25.13
blr_33-55.jpg,21.81
blr_33-56.jpg,5.0
blr_33-57.jpg,10.54
blr_33-58.jpg,8.76
blr_9-1.jpg,1.89
blr_9-10.jpg,7.96
blr_9-11.jpg,3.16
blr_9-12.jpg,36.98
blr_9-13.jpg,22.35
blr_9-14.jpg,3.65
blr_9-15.jpg,0.37
blr_9-16.jpg,0.15
blr_9-17.jpg,0.79
blr_9-18.jpg,7.74
blr_9-19.jpg,8.79
blr_9-2.jpg,0.7
blr_9-20.jpg,2.51
blr_9-21.jpg,0.1
blr_9-22.jpg,4.15
blr_9-23.jpg,4.46
blr_9-24.jpg,3.03
blr_9-25.jpg,0.08
blr_9-26.jpg,2.94
blr_9-27.jpg,3.45
blr_9-28.jpg,5.12
blr_9-29.jpg,1.9
blr_9-3.jpg,4.62
blr_9-30.jpg,18.8
blr_9-31.jpg,9.83
blr_9-32.jpg,3.5
blr_9-33.jpg,6.03
blr_9-34.jpg,2.6
blr_9-35.jpg,2.4
blr_9-36.jpg,0.96
blr_9-37.jpg,2.33
blr_9-38.jpg,5.17
blr_9-39.jpg,12.48
blr_11-16.jpg,1.14
blr_11-17.jpg,0.28
blr_11-18.jpg,4.41
blr_11-19.jpg,0.07
blr_11-2.jpg,0.51
blr_11-20.jpg,3.96
blr_11-21.jpg,0.03
blr_11-22.jpg,2.08
blr_11-23.jpg,5.01
blr_11-24.jpg,14.91
blr_11-25.jpg,7.83
blr_11-26.jpg,0.58
blr_11-27.jpg,0.55
blr_11-28.jpg,3.77
blr_11-29.jpg,7.29
blr_11-3.jpg,5.71
blr_11-30.jpg,9.83
blr_11-31.jpg,7.1
blr_11-32.jpg,3.7
blr_11-33.jpg,8.45
blr_70-15.jpg,11.53
blr_70-16.jpg,0.55
blr_70-17.jpg,11.64
blr_70-18.jpg,14.51
blr_70-19.jpg,20.78
blr_70-2.jpg,1.79
blr_70-20.jpg,2.39
blr_70-21.jpg,22.1
blr_70-22.jpg,8.36
blr_70-23.jpg,1.4
blr_70-24.jpg,1.99
blr_70-25.jpg,10.23
blr_70-26.jpg,65.6
blr_70-27.jpg,50.81
blr_70-28.jpg,35.2
blr_70-29.jpg,9.11
blr_70-3.jpg,4.07
blr_70-30.jpg,18.55
blr_70-31.jpg,14.47
blr_73-42.jpg,6.94
blr_73-43.jpg,5.51
blr_73-44.jpg,5.44
blr_73-45.jpg,1.39
blr_73-46.jpg,1.33
blr_73-47.jpg,3.75
blr_73-48.jpg,0.5
blr_73-49.jpg,2.64
blr_73-5.jpg,0.01
blr_73-50.jpg,1.84
blr_73-51.jpg,6.43
blr_73-52.jpg,5.84
blr_73-53.jpg,11.53
blr_73-54.jpg,0.03
blr_73-55.jpg,1.54
blr_73-56.jpg,0.58
blr_73-57.jpg,0.66
blr_73-58.jpg,0.69
blr_13-46.jpg,28.94
blr_13-47.jpg,6.37
blr_13-48.jpg,5.82
blr_13-49.jpg,2.43
blr_13-5.jpg,3.4
blr_13-50.jpg,5.28
blr_13-51.jpg,17.8
blr_13-52.jpg,4.05
blr_13-53.jpg,1.25
blr_13-54.jpg,3.27
blr_13-55.jpg,16.02
blr_13-56.jpg,9.61
blr_13-57.jpg,5.55
blr_13-58.jpg,34.22
blr_13-59.jpg,27.74
blr_13-6.jpg,12.77
blr_13-60.jpg,11.33
blr_13-61.jpg,3.15
blr_13-62.jpg,9.22
blr_13-63.jpg,18.87
blr_13-64.jpg,47.01
blr_13-65.jpg,44.29
blr_13-66.jpg,30.92
blr_13-7.jpg,1.01
blr_13-8.jpg,9.04
blr_13-9.jpg,1.74
blr_14-1.jpg,0.03
blr_14-10.jpg,0.94
blr_14-11.jpg,0.5
blr_14-12.jpg,3.58
blr_71-12.jpg,1.94
blr_71-13.jpg,0.37
blr_71-14.jpg,2.96
blr_71-15.jpg,8.32
blr_71-16.jpg,1.16
blr_71-17.jpg,9.89
blr_71-18.jpg,7.29
blr_71-19.jpg,9.9
blr_71-2.jpg,0.0
blr_71-20.jpg,7.2
blr_71-21.jpg,9.2
blr_71-22.jpg,3.48
blr_71-23.jpg,10.76
blr_71-24.jpg,6.31
blr_71-25.jpg,11.93
blr_71-26.jpg,18.13
blr_71-27.jpg,53.43
blr_71-28.jpg,21.4
blr_71-29.jpg,9.22
blr_71-3.jpg,8.83
blr_43-38.jpg,23.19
blr_43-39.jpg,18.05
blr_43-4.jpg,0.67
blr_43-40.jpg,21.66
blr_43-41.jpg,44.79
blr_43-42.jpg,29.58
blr_43-43.jpg,13.65
blr_43-44.jpg,16.72
blr_43-45.jpg,15.6
blr_43-46.jpg,26.61
blr_43-47.jpg,18.0
blr_43-48.jpg,13.43
blr_43-49.jpg,15.54
blr_43-5.jpg,2.97
blr_43-50.jpg,12.01
blr_43-51.jpg,17.11
blr_43-52.jpg,24.46
blr_43-53.jpg,10.79
blr_43-54.jpg,10.99
blr_17-44.jpg,14.76
blr_17-45.jpg,27.35
blr_17-46.jpg,11.11
blr_17-47.jpg,0.37
blr_17-48.jpg,0.33
blr_17-49.jpg,14.14
blr_17-5.jpg,5.71
blr_17-50.jpg,15.52
blr_17-51.jpg,26.26
blr_17-52.jpg,4.54
blr_17-53.jpg,8.97
blr_17-54.jpg,42.42
blr_17-55.jpg,29.28
blr_17-56.jpg,7.92
blr_17-57.jpg,5.23
blr_17-58.jpg,6.24
blr_17-59.jpg,7.82
blr_17-6.jpg,4.78
blr_17-60.jpg,14.13
blr_17-61.jpg,14.63
blr_50-15.jpg,8.91
blr_50-16.jpg,1.92
blr_50-17.jpg,2.3
blr_50-18.jpg,1.94
blr_50-19.jpg,1.15
blr_50-2.jpg,0.8
blr_50-20.jpg,1.07
blr_50-21.jpg,3.32
blr_50-22.jpg,3.08
blr_50-23.jpg,3.25
blr_50-24.jpg,14.36
blr_50-25.jpg,15.09
blr_50-26.jpg,8.25
blr_50-27.jpg,3.29
blr_50-28.jpg,2.06
blr_50-29.jpg,17.8
blr_50-3.jpg,8.9
blr_50-30.jpg,27.45
blr_50-31.jpg,17.7
blr_50-32.jpg,28.28
blr_30-26.jpg,1.24
blr_30-27.jpg,0.54
blr_30-28.jpg,0.4
blr_30-29.jpg,0.51
blr_30-3.jpg,2.48
blr_30-30.jpg,0.36
blr_30-31.jpg,1.72
blr_30-32.jpg,1.08
blr_30-33.jpg,1.5
blr_30-34.jpg,2.42
blr_30-35.jpg,2.12
blr_30-36.jpg,4.47
blr_30-37.jpg,8.1
blr_30-38.jpg,3.76
blr_30-39.jpg,5.0
blr_30-4.jpg,0.53
blr_30-40.jpg,5.86
blr_30-41.jpg,9.71
blr_30-42.jpg,25.34
blr_59-62.jpg,9.03
blr_59-63.jpg,13.06
blr_59-64.jpg,12.9
blr_59-65.jpg,11.51
blr_59-66.jpg,4.56
blr_59-7.jpg,2.97
blr_59-8.jpg,10.06
blr_59-9.jpg,7.17
blr_6-1.jpg,1.63
blr_6-10.jpg,14.34
blr_6-11.jpg,1.53
blr_6-12.jpg,2.0
blr_6-13.jpg,1.33
blr_6-14.jpg,8.87
blr_6-15.jpg,3.89
blr_6-16.jpg,2.77
blr_6-17.jpg,0.89
blr_6-18.jpg,0.89
blr_6-19.jpg,3.96
blr_6-2.jpg,0.36
blr_6-20.jpg,2.01
blr_6-21.jpg,3.36
blr_6-22.jpg,4.28
blr_6-23.jpg,7.06
blr_6-24.jpg,6.9
blr_6-25.jpg,1.42
blr_6-26.jpg,0.46
blr_6-27.jpg,1.22
blr_6-28.jpg,1.29
blr_6-29.jpg,1.33
blr_6-3.jpg,2.66
blr_6-30.jpg,2.81
blr_6-31.jpg,1.13
blr_6-32.jpg,15.27
blr_6-33.jpg,9.06
blr_6-34.jpg,8.75
blr_64-52.jpg,2.23
blr_64-53.jpg,1.98
blr_64-54.jpg,9.13
blr_64-55.jpg,2.52
blr_64-56.jpg,4.76
blr_64-57.jpg,2.04
blr_64-58.jpg,13.22
blr_64-59.jpg,4.62
blr_64-6.jpg,1.51
blr_64-60.jpg,2.87
blr_64-61.jpg,2.75
blr_64-62.jpg,4.12
blr_64-63.jpg,2.86
blr_64-64.jpg,2.49
blr_64-65.jpg,13.29
blr_64-66.jpg,21.23
blr_64-7.jpg,0.16
blr_64-8.jpg,3.02
blr_64-9.jpg,0.42
blr_65-1.jpg,0.09
blr_26-3.jpg,16.79
blr_26-30.jpg,0.51
blr_26-31.jpg,2.03
blr_26-32.jpg,2.37
blr_26-33.jpg,5.37
blr_26-34.jpg,4.47
blr_26-35.jpg,5.93
blr_26-36.jpg,17.17
blr_26-37.jpg,12.83
blr_26-38.jpg,17.28
blr_26-39.jpg,35.96
blr_26-4.jpg,10.97
blr_26-40.jpg,58.24
blr_26-41.jpg,43.34
blr_26-42.jpg,32.94
blr_26-43.jpg,22.12
blr_26-44.jpg,25.57
blr_26-45.jpg,25.23
blr_26-46.jpg,17.89
blr_26-47.jpg,19.25
blr_26-48.jpg,8.15
blr_26-49.jpg,22.14
blr_21-2.jpg,24.23
blr_21-40.jpg,6.65
blr_22-1.jpg,55.59
blr_22-4.jpg,16.89
blr_22-63.jpg,5.86
blr_23-23.jpg,3.17
blr_23-40.jpg,3.57
blr_23-57.jpg,38.67
blr_24-15.jpg,3.6
blr_24-31.jpg,2.74
blr_24-61.jpg,34.45
blr_25-30.jpg,1.6
blr_25-53.jpg,10.5
blr_26-10.jpg,3.1
blr_26-29.jpg,0.54
blr_26-5.jpg,10.96
blr_27-18.jpg,0.57
blr_27-34.jpg,6.49
blr_27-50.jpg,12.23
blr_27-9.jpg,2.54
blr_28-31.jpg,20.82
blr_28-51.jpg,3.83
blr_12-39.jpg,2.08
blr_12-4.jpg,5.22
blr_12-40.jpg,1.69
blr_12-41.jpg,15.1
blr_12-42.jpg,7.38
blr_12-43.jpg,0.41
blr_12-44.jpg,0.15
blr_12-45.jpg,8.35
blr_12-46.jpg,35.88
blr_12-47.jpg,8.48
blr_12-48.jpg,4.9
blr_12-49.jpg,3.5
blr_12-5.jpg,5.45
blr_12-50.jpg,1.76
blr_12-51.jpg,4.66
blr_12-52.jpg,2.54
blr_12-53.jpg,0.86
blr_12-54.jpg,7.35
blr_12-55.jpg,4.87
blr_12-56.jpg,0.95
blr_12-57.jpg,5.31
blr_12-58.jpg,2.87
blr_12-59.jpg,10.03
blr_12-6.jpg,8.33
blr_12-60.jpg,24.24
blr_12-61.jpg,12.78
blr_12-62.jpg,9.87
blr_12-63.jpg,3.68
blr_12-64.jpg,4.88
blr_12-65.jpg,13.67
blr_12-66.jpg,24.6
blr_12-7.jpg,0.58
blr_19-52.jpg,52.56
blr_19-53.jpg,34.04
blr_19-54.jpg,37.17
blr_19-55.jpg,22.37
blr_19-56.jpg,11.43
blr_19-57.jpg,22.85
blr_19-58.jpg,21.26
blr_19-59.jpg,30.67
blr_19-6.jpg,1.01
blr_19-60.jpg,48.55
blr_19-61.jpg,7.05
blr_19-62.jpg,3.89
blr_19-63.jpg,13.69
blr_19-64.jpg,5.34
blr_19-65.jpg,0.32
blr_19-66.jpg,13.69
blr_19-7.jpg,2.1
blr_19-8.jpg,2.86
blr_10-37.jpg,6.57
blr_10-38.jpg,6.79
blr_10-39.jpg,4.16
blr_10-4.jpg,0.23
blr_10-40.jpg,11.94
blr_10-41.jpg,3.89
blr_10-42.jpg,5.16
blr_10-43.jpg,4.89
blr_10-44.jpg,5.31
blr_10-45.jpg,2.45
blr_10-46.jpg,3.34
blr_10-47.jpg,4.24
blr_10-48.jpg,4.77
blr_10-49.jpg,4.69
blr_10-5.jpg,2.11
blr_10-50.jpg,11.53
blr_10-51.jpg,22.53
blr_10-52.jpg,11.11
blr_10-53.jpg,3.73
blr_10-54.jpg,2.54
blr_10-55.jpg,0.34
blr_61-27.jpg,1.77
blr_61-28.jpg,17.33
blr_61-29.jpg,23.49
blr_61-3.jpg,4.22
blr_61-30.jpg,8.52
blr_61-31.jpg,4.92
blr_61-32.jpg,19.83
blr_61-33.jpg,20.56
blr_61-34.jpg,7.92
blr_61-35.jpg,6.78
blr_61-36.jpg,18.21
blr_61-37.jpg,25.19
blr_61-38.jpg,5.73
blr_61-39.jpg,3.46
blr_61-4.jpg,1.79
blr_61-40.jpg,9.67
blr_61-41.jpg,7.61
blr_61-42.jpg,9.41
blr_52-46.jpg,18.36
blr_52-47.jpg,11.54
blr_52-48.jpg,4.82
blr_52-49.jpg,9.59
blr_52-5.jpg,2.08
blr_52-50.jpg,7.52
blr_52-51.jpg,2.61
blr_52-52.jpg,6.99
blr_52-53.jpg,7.05
blr_52-54.jpg,9.34
blr_52-55.jpg,2.8
blr_52-56.jpg,3.23
blr_52-57.jpg,4.12
blr_52-58.jpg,2.34
blr_52-59.jpg,15.79
blr_52-6.jpg,2.43
blr_52-60.jpg,1.04
blr_52-61.jpg,0.14
blr_52-62.jpg,0.62
blr_52-63.jpg,0.38
blr_52-64.jpg,2.45
blr_52-65.jpg,0.85
blr_52-66.jpg,2.09
blr_52-7.jpg,1.88
blr_4-9.jpg,5.78
blr_40-1.jpg,1.03
blr_40-10.jpg,34.28
blr_40-11.jpg,21.32
blr_40-12.jpg,2.8
blr_40-13.jpg,9.97
blr_40-14.jpg,15.29
blr_40-15.jpg,14.41
blr_40-16.jpg,13.8
blr_40-17.jpg,9.18
blr_40-18.jpg,7.38
blr_40-19.jpg,5.33
blr_40-2.jpg,1.55
blr_40-20.jpg,18.79
blr_40-21.jpg,9.78
blr_40-22.jpg,9.38
blr_40-23.jpg,5.56
blr_40-24.jpg,11.41
blr_7-41.jpg,1.32
blr_7-42.jpg,0.92
blr_7-43.jpg,3.67
blr_7-44.jpg,0.36
blr_7-45.jpg,3.78
blr_7-46.jpg,5.27
blr_7-47.jpg,5.03
blr_7-48.jpg,1.4
blr_7-49.jpg,1.54
blr_7-5.jpg,1.21
blr_7-50.jpg,3.97
blr_7-51.jpg,5.7
blr_7-52.jpg,12.32
blr_7-53.jpg,2.64
blr_7-54.jpg,0.13
blr_7-55.jpg,0.05
blr_7-56.jpg,0.37
blr_7-57.jpg,0.33
blr_7-58.jpg,0.18
blr_7-59.jpg,0.0
blr_7-6.jpg,4.63
blr_7-60.jpg,0.34
blr_7-61.jpg,0.18
blr_7-62.jpg,0.62
blr_7-63.jpg,1.61
blr_7-64.jpg,13.34
blr_7-65.jpg,5.17
blr_7-66.jpg,8.51
blr_7-7.jpg,6.26
blr_7-8.jpg,2.74
blr_7-9.jpg,0.97
blr_70-1.jpg,8.65
blr_70-10.jpg,1.8
blr_70-11.jpg,3.89
blr_70-12.jpg,2.3
blr_70-13.jpg,1.49
blr_5-42.jpg,0.66
blr_5-43.jpg,1.59
blr_5-44.jpg,1.43
blr_5-45.jpg,2.71
blr_5-46.jpg,2.66
blr_5-47.jpg,2.71
blr_5-48.jpg,0.06
blr_5-49.jpg,0.33
blr_5-5.jpg,2.29
blr_5-50.jpg,0.16
blr_5-51.jpg,0.02
blr_5-52.jpg,1.86
blr_5-53.jpg,2.04
blr_5-54.jpg,1.83
blr_5-55.jpg,0.44
blr_5-56.jpg,1.44
blr_5-57.jpg,2.91
blr_5-58.jpg,0.07
blr_5-59.jpg,4.45
blr_5-6.jpg,1.43
blr_5-60.jpg,2.96
blr_5-61.jpg,2.24
blr_5-62.jpg,2.2
blr_5-63.jpg,5.98
blr_5-64.jpg,6.55
blr_5-65.jpg,5.89
blr_5-66.jpg,0.17
blr_5-7.jpg,0.53
blr_5-8.jpg,1.97
blr_5-9.jpg,19.77
blr_50-1.jpg,0.98
blr_50-10.jpg,1.46
blr_50-11.jpg,0.99
blr_50-12.jpg,4.94
blr_50-13.jpg,3.55
blr_6-36.jpg,10.07
blr_6-37.jpg,11.12
blr_6-38.jpg,0.41
blr_6-39.jpg,0.05
blr_6-4.jpg,7.68
blr_6-40.jpg,0.87
blr_6-41.jpg,0.67
blr_6-42.jpg,2.87
blr_6-43.jpg,2.45
blr_6-44.jpg,0.58
blr_6-45.jpg,1.98
blr_6-46.jpg,6.77
blr_6-47.jpg,5.28
blr_6-48.jpg,0.32
blr_6-49.jpg,2.0
blr_6-5.jpg,1.47
blr_6-50.jpg,3.95
blr_6-51.jpg,11.41
blr_6-52.jpg,11.17
blr_6-53.jpg,4.37
blr_44-6.jpg,15.81
blr_44-60.jpg,5.73
blr_44-61.jpg,13.38
blr_44-62.jpg,9.35
blr_44-63.jpg,7.47
blr_44-64.jpg,2.66
blr_44-65.jpg,5.79
blr_44-66.jpg,8.98
blr_44-7.jpg,9.08
blr_44-8.jpg,13.45
blr_44-9.jpg,7.24
blr_45-1.jpg,4.68
blr_45-10.jpg,6.27
blr_45-11.jpg,5.41
blr_45-12.jpg,48.71
blr_45-13.jpg,47.04
blr_45-14.jpg,23.04
blr_3-59.jpg,1.42
blr_3-6.jpg,1.32
blr_3-60.jpg,0.05
blr_3-61.jpg,3.73
blr_3-62.jpg,7.51
blr_3-63.jpg,6.45
blr_3-64.jpg,5.94
blr_3-65.jpg,0.97
blr_3-66.jpg,6.09
blr_3-7.jpg,0.28
blr_3-8.jpg,2.15
blr_3-9.jpg,1.15
blr_30-1.jpg,1.34
blr_30-10.jpg,3.09
blr_30-11.jpg,1.85
blr_30-12.jpg,2.42
blr_30-13.jpg,5.47
blr_30-14.jpg,15.04
blr_30-15.jpg,6.01
blr_30-16.jpg,6.87
blr_30-17.jpg,2.14
blr_30-18.jpg,21.5
blr_30-19.jpg,35.1
blr_30-2.jpg,0.83
blr_30-20.jpg,15.03
blr_30-21.jpg,6.21
blr_30-22.jpg,13.7
blr_30-23.jpg,4.23
blr_30-24.jpg,5.76
blr_9-40.jpg,5.92
blr_9-41.jpg,5.02
blr_9-42.jpg,8.94
blr_9-43.jpg,4.03
blr_9-44.jpg,5.13
blr_9-45.jpg,8.55
blr_9-46.jpg,3.44
blr_9-47.jpg,3.31
blr_9-48.jpg,3.93
blr_9-49.jpg,4.39
blr_9-5.jpg,1.87
blr_9-50.jpg,15.15
blr_9-51.jpg,10.92
blr_9-52.jpg,9.45
blr_9-53.jpg,6.44
blr_9-54.jpg,0.0
blr_9-55.jpg,0.0
blr_9-56.jpg,7.71
blr_9-57.jpg,5.52
blr_9-58.jpg,3.53
blr_9-59.jpg,3.64
blr_9-6.jpg,0.85
blr_9-60.jpg,3.81
blr_9-61.jpg,3.37
blr_9-62.jpg,0.4
blr_9-63.jpg,1.33
blr_9-64.jpg,2.92
blr_9-65.jpg,0.47
blr_9-66.jpg,3.56
blr_9-7.jpg,3.14
blr_9-8.jpg,3.25
blr_9-9.jpg,0.51
blr_44-2.jpg,1.35
blr_44-20.jpg,10.9
blr_44-21.jpg,40.35
blr_44-22.jpg,1.21
blr_44-23.jpg,0.59
blr_44-24.jpg,1.38
blr_44-25.jpg,20.38
blr_44-26.jpg,14.45
blr_44-27.jpg,9.82
blr_44-28.jpg,8.25
blr_44-29.jpg,38.56
blr_44-3.jpg,3.88
blr_44-30.jpg,20.33
blr_44-31.jpg,21.66
blr_44-32.jpg,6.05
blr_44-33.jpg,28.25
blr_44-34.jpg,35.84
blr_44-35.jpg,30.94
blr_44-36.jpg,25.43
blr_44-37.jpg,22.18
blr_44-38.jpg,46.94
blr_44-39.jpg,12.33
blr_44-4.jpg,14.65
blr_16-43.jpg,5.81
blr_16-44.jpg,0.46
blr_16-45.jpg,1.93
blr_16-46.jpg,0.18
blr_16-47.jpg,0.19
blr_16-48.jpg,1.82
blr_16-49.jpg,5.08
blr_16-5.jpg,7.11
blr_16-50.jpg,17.07
blr_16-51.jpg,16.12
blr_16-52.jpg,4.84
blr_16-53.jpg,17.22
blr_16-54.jpg,39.6
blr_16-55.jpg,21.01
blr_16-56.jpg,5.67
blr_16-57.jpg,4.68
blr_16-58.jpg,3.12
blr_16-59.jpg,6.54
blr_16-6.jpg,8.47
blr_16-60.jpg,12.5
blr_16-61.jpg,16.29
blr_16-62.jpg,17.1
blr_16-63.jpg,16.41
blr_16-64.jpg,10.82
blr_16-65.jpg,9.25
blr_16-66.jpg,19.03
blr_16-7.jpg,12.66
blr_16-8.jpg,2.57
blr_16-9.jpg,5.42
blr_2-29.jpg,2.16
blr_2-3.jpg,0.65
blr_2-30.jpg,1.7
blr_2-31.jpg,3.86
blr_2-32.jpg,0.7
blr_2-33.jpg,6.77
blr_2-34.jpg,1.38
blr_2-35.jpg,1.97
blr_2-36.jpg,1.97
blr_2-37.jpg,8.81
blr_2-38.jpg,0.26
blr_2-39.jpg,1.73
blr_2-4.jpg,0.75
blr_2-40.jpg,2.4
blr_2-41.jpg,1.51
blr_2-42.jpg,0.43
blr_2-43.jpg,2.43
blr_2-44.jpg,4.2
blr_2-45.jpg,3.15
blr_2-46.jpg,4.86
blr_2-47.jpg,0.0
blr_2-48.jpg,0.25
blr_2-49.jpg,3.54
blr_1-66.jpg,13.41
blr_1-7.jpg,4.58
blr_1-8.jpg,1.3
blr_1-9.jpg,1.31
blr_10-1.jpg,0.97
blr_10-10.jpg,1.9
blr_10-11.jpg,6.99
blr_10-12.jpg,9.43
blr_10-13.jpg,7.72
blr_10-14.jpg,6.39
blr_10-15.jpg,0.3
blr_10-16.jpg,0.76
blr_10-17.jpg,3.0
blr_10-18.jpg,7.18
blr_10-19.jpg,4.98
blr_10-2.jpg,5.26
blr_10-20.jpg,1.26
blr_10-21.jpg,0.31
blr_10-22.jpg,5.91
blr_10-23.jpg,8.7
blr_10-24.jpg,3.3
blr_10-25.jpg,0.31
blr_10-26.jpg,2.71
blr_10-27.jpg,2.9
blr_10-28.jpg,2.0
blr_10-29.jpg,11.26
blr_10-3.jpg,1.66
blr_10-30.jpg,22.01
blr_10-31.jpg,7.07
blr_10-32.jpg,2.61
blr_10-33.jpg,11.85
blr_10-34.jpg,1.1
blr_10-35.jpg,0.65
blr_56-44.jpg,15.97
blr_56-45.jpg,15.12
blr_56-46.jpg,9.19
blr_56-47.jpg,27.96
blr_56-48.jpg,19.04
blr_56-49.jpg,6.42
blr_56-5.jpg,3.28
blr_56-50.jpg,7.14
blr_56-51.jpg,19.91
blr_56-52.jpg,13.57
blr_56-53.jpg,8.45
blr_56-54.jpg,8.19
blr_56-55.jpg,4.08
blr_56-56.jpg,18.99
blr_56-57.jpg,4.92
blr_56-58.jpg,32.04
blr_56-59.jpg,22.43
blr_56-6.jpg,1.52
blr_56-60.jpg,5.47
blr_56-61.jpg,1.51
blr_56-62.jpg,21.85
blr_56-63.jpg,1.21
blr_56-64.jpg,2.8
blr_56-65.jpg,4.54
blr_8-40.jpg,1.08
blr_8-41.jpg,0.58
blr_8-42.jpg,7.9
blr_8-43.jpg,4.53
blr_8-44.jpg,9.63
blr_8-45.jpg,2.16
blr_8-46.jpg,6.3
blr_8-47.jpg,8.98
blr_8-48.jpg,2.06
blr_8-49.jpg,1.76
blr_8-5.jpg,0.56
blr_8-50.jpg,3.76
blr_8-51.jpg,5.15
blr_8-52.jpg,4.4
blr_8-53.jpg,0.42
blr_8-54.jpg,0.11
blr_8-55.jpg,0.52
blr_8-56.jpg,2.66
blr_8-57.jpg,0.72
blr_8-58.jpg,0.72
blr_8-59.jpg,0.0
blr_8-6.jpg,1.34
blr_8-60.jpg,2.35
blr_8-61.jpg,0.66
blr_8-62.jpg,1.19
blr_8-63.jpg,5.98
blr_8-64.jpg,3.03
blr_8-65.jpg,3.99
blr_8-66.jpg,4.73
blr_8-7.jpg,1.31
blr_8-8.jpg,3.09
blr_63-46.jpg,7.23
blr_63-47.jpg,13.17
blr_63-48.jpg,13.49
blr_63-49.jpg,3.83
blr_63-5.jpg,7.56
blr_63-50.jpg,0.87
blr_63-51.jpg,6.09
blr_63-52.jpg,6.64
blr_63-53.jpg,4.73
blr_63-54.jpg,7.14
blr_63-55.jpg,3.69
blr_63-56.jpg,3.09
blr_63-57.jpg,0.83
blr_63-58.jpg,4.02
blr_63-59.jpg,10.57
blr_63-6.jpg,4.75
blr_63-60.jpg,2.43
blr_63-61.jpg,3.97
blr_63-62.jpg,3.93
blr_63-63.jpg,3.33
blr_22-64.jpg,8.2
blr_22-65.jpg,7.08
blr_22-66.jpg,9.4
blr_22-7.jpg,9.13
blr_22-8.jpg,5.47
blr_22-9.jpg,2.83
blr_23-1.jpg,69.63
blr_23-10.jpg,4.57
blr_23-11.jpg,7.77
blr_23-12.jpg,8.44
blr_23-13.jpg,0.07
blr_23-14.jpg,1.01
blr_23-15.jpg,5.04
blr_23-16.jpg,0.78
blr_23-17.jpg,5.72
blr_23-18.jpg,5.95
blr_23-19.jpg,0.73
blr_23-2.jpg,48.07
blr_23-20.jpg,3.79
blr_23-21.jpg,4.95
blr_23-22.jpg,6.92
blr_58-18.jpg,1.83
blr_58-19.jpg,4.08
blr_58-2.jpg,2.82
blr_58-20.jpg,18.51
blr_58-21.jpg,2.9
blr_58-22.jpg,0.45
blr_58-23.jpg,1.28
blr_58-24.jpg,4.2
blr_58-25.jpg,1.93
blr_58-26.jpg,1.32
blr_58-27.jpg,4.47
blr_58-28.jpg,38.53
blr_58-29.jpg,13.76
blr_58-3.jpg,10.98
blr_58-30.jpg,2.0
blr_58-31.jpg,3.8
blr_58-32.jpg,21.27
blr_58-33.jpg,1.52
blr_58-55.jpg,2.92
blr_58-56.jpg,0.3
blr_58-57.jpg,7.07
blr_58-58.jpg,14.58
blr_58-59.jpg,18.88
blr_58-6.jpg,3.16
blr_58-60.jpg,12.33
blr_58-61.jpg,12.05
blr_58-62.jpg,16.36
blr_58-63.jpg,17.27
blr_58-64.jpg,13.7
blr_58-65.jpg,6.14
blr_58-66.jpg,0.51
blr_58-7.jpg,0.55
blr_58-8.jpg,2.64
blr_58-9.jpg,0.4
blr_59-1.jpg,0.07
blr_59-10.jpg,3.65
blr_4-40.jpg,0.13
blr_4-41.jpg,2.34
blr_4-42.jpg,7.4
blr_4-43.jpg,1.43
blr_4-44.jpg,1.95
blr_4-45.jpg,1.85
blr_4-46.jpg,0.53
blr_4-47.jpg,1.58
blr_4-48.jpg,0.51
blr_4-49.jpg,1.27
blr_4-5.jpg,2.38
blr_4-50.jpg,2.05
blr_4-51.jpg,2.27
blr_4-52.jpg,2.2
blr_4-53.jpg,0.78
blr_4-54.jpg,1.44
blr_4-55.jpg,0.51
blr_4-56.jpg,1.3
blr_4-57.jpg,3.89
blr_4-58.jpg,7.89
blr_4-59.jpg,6.49
blr_4-6.jpg,0.12
blr_4-60.jpg,1.08
blr_4-61.jpg,1.93
blr_4-62.jpg,10.97
blr_4-63.jpg,5.32
blr_4-64.jpg,5.16
blr_4-65.jpg,3.17
blr_4-66.jpg,1.47
blr_4-7.jpg,1.53
blr_1-44.jpg,6.46
blr_1-45.jpg,0.34
blr_1-46.jpg,0.89
blr_1-47.jpg,0.69
blr_1-48.jpg,0.97
blr_1-49.jpg,1.12
blr_1-5.jpg,4.74
blr_1-50.jpg,1.22
blr_1-51.jpg,1.24
blr_1-52.jpg,0.47
blr_1-53.jpg,0.25
blr_1-54.jpg,3.1
blr_1-55.jpg,1.22
blr_1-56.jpg,1.25
blr_1-57.jpg,4.15
blr_1-58.jpg,2.32
blr_1-59.jpg,0.11
blr_1-6.jpg,4.9
blr_1-60.jpg,0.03
blr_1-61.jpg,2.26
blr_1-62.jpg,5.4
blr_1-63.jpg,29.33
blr_1-64.jpg,93.23
blr_11-35.jpg,5.31
blr_11-36.jpg,6.33
blr_11-37.jpg,2.09
blr_11-38.jpg,3.08
blr_11-39.jpg,8.67
blr_11-4.jpg,0.17
blr_11-40.jpg,2.4
blr_11-41.jpg,9.1
blr_11-42.jpg,6.09
blr_11-43.jpg,8.71
blr_11-44.jpg,1.33
blr_11-45.jpg,1.08
blr_11-46.jpg,6.49
blr_11-47.jpg,5.1
blr_11-48.jpg,2.04
blr_11-49.jpg,2.41
blr_11-5.jpg,3.99
blr_11-50.jpg,3.77
blr_11-51.jpg,3.77
blr_11-52.jpg,2.07
blr_11-53.jpg,4.22
blr_11-54.jpg,0.23
blr_11-55.jpg,1.17
blr_11-56.jpg,4.3
blr_11-57.jpg,2.38
blr_11-58.jpg,1.73
blr_5-19.jpg,5.15
blr_5-2.jpg,1.27
blr_5-20.jpg,3.2
blr_5-21.jpg,4.37
blr_5-22.jpg,6.17
blr_5-23.jpg,1.73
blr_5-24.jpg,0.68
blr_5-25.jpg,9.43
blr_5-26.jpg,1.69
blr_5-27.jpg,4.19
blr_5-28.jpg,6.98
blr_5-29.jpg,3.3
blr_5-3.jpg,2.93
blr_5-30.jpg,1.9
blr_5-31.jpg,0.24
blr_5-32.jpg,7.42
blr_5-33.jpg,7.81
blr_5-34.jpg,35.71
blr_5-35.jpg,19.43
blr_5-36.jpg,16.94
blr_5-37.jpg,4.36
blr_5-38.jpg,1.51
blr_5-39.jpg,0.3
blr_5-4.jpg,2.23
blr_5-40.jpg,0.25
blr_54-32.jpg,45.54
blr_54-33.jpg,47.3
blr_54-34.jpg,29.46
blr_54-35.jpg,18.25
blr_54-36.jpg,21.79
blr_54-37.jpg,17.89
blr_54-38.jpg,5.19
blr_54-39.jpg,31.44
blr_54-4.jpg,2.0
blr_54-40.jpg,31.57
blr_54-41.jpg,36.27
blr_54-42.jpg,96.29
blr_54-43.jpg,60.3
blr_54-44.jpg,27.42
blr_54-45.jpg,34.11
blr_54-46.jpg,15.11
blr_54-47.jpg,6.57
blr_54-48.jpg,4.45
blr_54-49.jpg,5.15
blr_54-5.jpg,0.69
blr_2-50.jpg,4.9
blr_2-51.jpg,2.42
blr_2-52.jpg,1.76
blr_2-53.jpg,0.77
blr_2-54.jpg,0.69
blr_2-55.jpg,2.81
blr_2-56.jpg,1.35
blr_2-57.jpg,4.63
blr_2-58.jpg,4.02
blr_2-59.jpg,0.84
blr_2-6.jpg,11.55
blr_2-60.jpg,1.67
blr_2-61.jpg,5.65
blr_2-62.jpg,21.2
blr_2-63.jpg,36.96
blr_2-64.jpg,27.94
blr_2-65.jpg,19.16
blr_2-66.jpg,4.03
blr_2-7.jpg,3.66
blr_2-8(1).jpg,2.42
blr_2-8.jpg,2.42
blr_2-9(1).jpg,1.76
blr_2-9.jpg,1.76
blr_20-1(1).jpg,14.7
blr_67-11.jpg,0.13
blr_67-12.jpg,1.8
blr_67-13.jpg,0.39
blr_67-14.jpg,3.29
blr_67-15.jpg,2.17
blr_67-16.jpg,2.95
blr_67-17.jpg,9.49
blr_67-18.jpg,1.21
blr_67-19.jpg,1.4
blr_67-2.jpg,4.65
blr_67-20.jpg,6.4
blr_67-21.jpg,7.3
blr_67-22.jpg,40.4
blr_67-23.jpg,88.55
blr_67-24.jpg,75.0
blr_67-25.jpg,90.94
blr_67-26.jpg,1.45
blr_3-37.jpg,9.23
blr_3-38.jpg,0.33
blr_3-39.jpg,0.51
blr_3-4.jpg,3.55
blr_3-40.jpg,0.23
blr_3-41.jpg,3.93
blr_3-42.jpg,6.3
blr_3-43.jpg,13.38
blr_3-44.jpg,9.7
blr_3-45.jpg,3.8
blr_3-46.jpg,8.25
blr_3-47.jpg,11.02
blr_3-48.jpg,4.26
blr_3-49.jpg,3.14
blr_3-5.jpg,1.55
blr_3-50.jpg,3.87
blr_3-51.jpg,5.93
blr_3-52.jpg,0.64
blr_3-53.jpg,2.07
blr_3-54.jpg,2.43
blr_3-55.jpg,5.45
blr_3-56.jpg,5.8
blr_3-57.jpg,5.28
blr_53-58.jpg,2.57
blr_53-59.jpg,10.19
blr_53-6.jpg,4.59
blr_53-60.jpg,8.11
blr_53-61.jpg,15.0
blr_53-62.jpg,2.6
blr_53-63.jpg,0.33
blr_53-64.jpg,5.67
blr_53-65.jpg,3.14
blr_53-66.jpg,7.88
blr_53-7.jpg,3.67
blr_53-8.jpg,3.2
blr_53-9.jpg,3.48
blr_54-1.jpg,0.43
blr_54-10.jpg,3.22
blr_54-11.jpg,1.59
blr_54-12.jpg,2.31
blr_54-13.jpg,1.65
blr_25-54.jpg,7.21
blr_25-55.jpg,36.34
blr_25-56.jpg,24.25
blr_25-57.jpg,44.91
blr_25-58.jpg,73.33
blr_25-59.jpg,14.04
blr_25-6.jpg,3.0
blr_25-60.jpg,10.04
blr_25-61.jpg,27.49
blr_25-62.jpg,48.97
blr_25-63.jpg,19.83
blr_25-64.jpg,19.36
blr_25-65.jpg,30.92
blr_25-66.jpg,20.15
blr_25-7.jpg,2.77
blr_25-8.jpg,2.48
blr_25-9.jpg,3.88
blr_26-1.jpg,14.5
blr_13-26.jpg,4.78
blr_13-27.jpg,2.11
blr_13-28.jpg,0.95
blr_13-29.jpg,1.18
blr_13-3.jpg,1.2
blr_13-30.jpg,1.55
blr_13-31.jpg,3.13
blr_13-32.jpg,1.02
blr_13-33.jpg,1.66
blr_13-34.jpg,4.79
blr_13-35.jpg,3.09
blr_13-36.jpg,2.49
blr_13-37.jpg,1.92
blr_13-38.jpg,1.17
blr_13-39.jpg,1.01
blr_13-4.jpg,6.93
blr_13-40.jpg,1.04
blr_13-41.jpg,21.73
blr_13-42.jpg,6.7
blr_13-43.jpg,0.23
blr_13-44.jpg,0.73
blr_14-33.jpg,0.57
blr_14-34.jpg,0.73
blr_14-35.jpg,0.93
blr_14-36.jpg,0.58
blr_14-37.jpg,3.35
blr_14-38.jpg,0.96
blr_14-39.jpg,0.57
blr_14-4.jpg,2.35
blr_14-40.jpg,1.4
blr_14-41.jpg,0.3
blr_14-42.jpg,0.12
blr_14-43.jpg,1.94
blr_14-44.jpg,0.0
blr_14-45.jpg,0.02
blr_14-46.jpg,1.26
blr_14-47.jpg,1.54
blr_14-48.jpg,1.85
blr_14-49.jpg,2.13
blr_14-5.jpg,1.39
blr_14-50.jpg,3.07
blr_14-51.jpg,6.96
blr_14-52.jpg,2.9
blr_21-20.jpg,60.1
blr_21-21.jpg,3.01
blr_21-22.jpg,0.93
blr_21-23.jpg,8.29
blr_21-24.jpg,16.73
blr_21-25.jpg,8.43
blr_21-26.jpg,17.2
blr_21-27.jpg,6.67
blr_21-28.jpg,7.99
blr_21-29.jpg,5.34
blr_21-3.jpg,16.98
blr_21-30.jpg,9.01
blr_21-31.jpg,12.99
blr_21-32.jpg,2.98
blr_21-33.jpg,6.06
blr_21-34.jpg,1.52
blr_21-35.jpg,1.57
blr_21-36.jpg,1.85
blr_21-37.jpg,8.27
blr_21-38.jpg,4.74
blr_21-39.jpg,2.44
blr_21-4.jpg,18.78
blr_12-19.jpg,1.04
blr_12-2.jpg,2.11
blr_12-20.jpg,1.05
blr_12-21.jpg,0.87
blr_12-22.jpg,0.39
blr_12-23.jpg,5.01
blr_12-24.jpg,2.34
blr_12-25.jpg,4.69
blr_12-26.jpg,6.07
blr_12-27.jpg,1.68
blr_12-28.jpg,4.62
blr_12-29.jpg,3.82
blr_12-3.jpg,0.77
blr_12-30.jpg,1.04
blr_12-31.jpg,3.59
blr_12-32.jpg,1.91
blr_12-33.jpg,3.44
blr_12-34.jpg,14.07
blr_12-35.jpg,6.56
blr_12-36.jpg,7.48
blr_12-37.jpg,3.27
blr_7-21.jpg,1.55
blr_7-22.jpg,7.1
blr_7-23.jpg,0.71
blr_7-24.jpg,3.61
blr_7-25.jpg,1.91
blr_7-26.jpg,0.28
blr_7-27.jpg,0.1
blr_7-28.jpg,0.02
blr_7-29.jpg,1.29
blr_7-3.jpg,4.78
blr_7-30.jpg,3.26
blr_7-31.jpg,18.03
blr_7-32.jpg,16.28
blr_7-33.jpg,4.36
blr_7-34.jpg,4.8
blr_7-35.jpg,1.75
blr_7-36.jpg,0.59
blr_7-37.jpg,3.97
blr_7-38.jpg,1.36
blr_7-39.jpg,1.2
blr_7-4.jpg,2.7
blr_10-57.jpg,6.1
blr_10-58.jpg,6.55
blr_10-59.jpg,1.5
blr_10-6.jpg,6.38
blr_10-60.jpg,4.57
blr_10-61.jpg,2.34
blr_10-62.jpg,2.15
blr_10-63.jpg,5.02
blr_10-64.jpg,1.52
blr_10-65.jpg,0.94
blr_10-66.jpg,1.66
blr_10-7.jpg,1.24
blr_10-8.jpg,3.32
blr_10-9.jpg,3.29
blr_11-1.jpg,5.92
blr_11-10.jpg,5.1
blr_11-11.jpg,0.72
blr_11-12.jpg,2.51
blr_11-13.jpg,6.07
blr_11-14.jpg,13.8
blr_55-7.jpg,0.89
blr_55-8.jpg,3.01
blr_55-9.jpg,4.0
blr_56-1.jpg,0.9
blr_56-10.jpg,5.65
blr_56-11.jpg,1.35
blr_56-12.jpg,0.46
blr_56-13.jpg,4.72
blr_56-14.jpg,2.5
blr_56-15.jpg,5.16
blr_56-16.jpg,4.35
blr_56-17.jpg,2.45
blr_56-18.jpg,8.07
blr_56-19.jpg,18.14
blr_56-2.jpg,2.36
blr_56-20.jpg,46.23
blr_56-21.jpg,27.44
blr_56-22.jpg,1.2
blr_56-23.jpg,6.48
blr_56-24.jpg,2.0
blr_56-25.jpg,23.49
blr_15-13.jpg,2.72
blr_15-14.jpg,1.51
blr_15-15.jpg,0.74
blr_15-16.jpg,5.09
blr_15-17.jpg,5.72
blr_15-18.jpg,4.37
blr_15-19.jpg,5.6
blr_15-2.jpg,0.0
blr_15-20.jpg,8.4
blr_15-21.jpg,6.9
blr_15-22(1).jpg,8.47
blr_15-22.jpg,8.47
blr_15-23(1).jpg,0.22
blr_15-23.jpg,0.22
blr_15-24(1).jpg,6.8
blr_15-24.jpg,6.8
blr_15-25(1).jpg,0.78
blr_15-25.jpg,0.78
blr_15-26(1).jpg,4.98
blr_15-26.jpg,4.98
blr_15-27(1).jpg,5.88
blr_15-27.jpg,5.88
blr_38-13.jpg,2.25
blr_38-14.jpg,2.52
blr_38-15.jpg,1.32
blr_38-16.jpg,1.46
blr_38-17.jpg,4.28
blr_38-18.jpg,9.52
blr_38-19.jpg,4.92
blr_38-2.jpg,10.63
blr_38-20.jpg,1.05
blr_38-21.jpg,6.31
blr_38-22.jpg,13.75
blr_38-23.jpg,13.33
blr_38-24.jpg,38.27
blr_38-25.jpg,79.13
blr_38-26.jpg,68.86
blr_38-27.jpg,66.09
blr_38-28.jpg,33.12
blr_38-29.jpg,15.57
blr_6-55.jpg,3.45
blr_6-56.jpg,3.92
blr_6-57.jpg,2.87
blr_6-58.jpg,0.06
blr_6-59.jpg,3.21
blr_6-6.jpg,1.87
blr_6-60.jpg,5.6
blr_6-61.jpg,7.28
blr_6-62.jpg,3.57
blr_6-63.jpg,0.95
blr_6-64.jpg,1.97
blr_6-65.jpg,0.59
blr_6-66.jpg,0.51
blr_6-7.jpg,0.86
blr_6-8.jpg,10.78
blr_6-9.jpg,13.19
blr_60-1.jpg,0.93
blr_60-10.jpg,1.2
blr_32-5.jpg,2.62
blr_32-50.jpg,10.57
blr_32-51.jpg,8.46
blr_32-52.jpg,10.47
blr_32-53.jpg,0.87
blr_32-54.jpg,4.19
blr_32-55.jpg,2.89
blr_32-56.jpg,2.78
blr_32-57.jpg,3.2
blr_32-58.jpg,8.0
blr_32-59.jpg,18.44
blr_32-6.jpg,0.49
blr_32-60.jpg,15.01
blr_32-61.jpg,23.81
blr_32-62.jpg,34.43
blr_32-63.jpg,22.07
blr_32-64.jpg,16.58
blr_32-65.jpg,3.57
blr_32-66.jpg,10.53
blr_32-7.jpg,0.33
blr_32-8.jpg,0.0
blr_32-9.jpg,0.85
blr_24-16.jpg,0.92
blr_24-17.jpg,2.64
blr_24-18.jpg,1.53
blr_24-19.jpg,1.54
blr_24-2.jpg,17.89
blr_24-20.jpg,6.08
blr_24-21.jpg,34.98
blr_24-22.jpg,1.88
blr_24-23.jpg,2.29
blr_24-24.jpg,9.02
blr_24-25.jpg,46.37
blr_24-26.jpg,16.4
blr_24-27.jpg,2.56
blr_24-28.jpg,1.46
blr_24-29.jpg,6.05
blr_24-3.jpg,7.05
blr_24-30.jpg,0.02
blr_17-63.jpg,25.42
blr_17-64.jpg,7.35
blr_17-65.jpg,2.88
blr_17-66.jpg,6.97
blr_17-7.jpg,4.01
blr_17-8.jpg,3.8
blr_17-9.jpg,6.45
blr_18-1.jpg,1.69
blr_18-10.jpg,3.18
blr_18-11.jpg,5.63
blr_18-12.jpg,3.99
blr_18-13.jpg,1.52
blr_18-14.jpg,4.42
blr_18-15.jpg,10.18
blr_18-16.jpg,2.04
blr_18-17.jpg,0.94
blr_18-18.jpg,2.35
blr_18-19.jpg,5.7
blr_74-17.jpg,8.89
blr_74-18.jpg,13.71
blr_74-19.jpg,7.52
blr_74-2.jpg,2.98
blr_74-20.jpg,3.63
blr_74-21.jpg,2.8
blr_74-22.jpg,2.78
blr_74-23.jpg,4.09
blr_74-24.jpg,5.03
blr_74-25.jpg,6.13
blr_74-26.jpg,12.56
blr_74-27.jpg,5.2
blr_74-28.jpg,6.57
blr_74-29.jpg,11.84
blr_74-3.jpg,0.0
blr_74-30.jpg,4.0
blr_74-31.jpg,4.16
blr_2-1.jpg,1.51
blr_2-10.jpg,4.33
blr_2-11.jpg,0.88
blr_2-12.jpg,5.77
blr_2-13.jpg,4.54
blr_2-14.jpg,0.58
blr_2-15.jpg,2.22
blr_2-16.jpg,6.87
blr_2-17.jpg,11.48
blr_2-18.jpg,7.64
blr_2-19.jpg,0.59
blr_2-2.jpg,6.29
blr_2-20.jpg,5.0
blr_2-21.jpg,3.69
blr_2-22.jpg,8.19
blr_2-23.jpg,3.64
blr_2-24.jpg,2.08
blr_2-25.jpg,1.14
blr_2-26.jpg,4.37
blr_2-27.jpg,1.94
blr_45-33.jpg,30.22
blr_45-34.jpg,26.76
blr_45-35.jpg,16.52
blr_45-36.jpg,31.33
blr_45-37.jpg,41.57
blr_45-38.jpg,28.14
blr_45-39.jpg,21.53
blr_45-4.jpg,4.45
blr_45-40.jpg,20.78
blr_45-41.jpg,19.03
blr_45-42.jpg,15.3
blr_45-43.jpg,4.81
blr_45-44.jpg,4.02
blr_45-45.jpg,18.02
blr_45-46.jpg,20.05
blr_45-47.jpg,12.13
blr_45-48.jpg,7.6
blr_19-1.jpg,8.74
blr_19-10.jpg,9.21
blr_19-11.jpg,2.47
blr_19-12.jpg,4.76
blr_19-13.jpg,2.75
blr_19-14.jpg,6.35
blr_19-15.jpg,9.58
blr_19-16.jpg,1.95
blr_19-17.jpg,6.3
blr_19-18.jpg,5.47
blr_19-19.jpg,4.52
blr_19-2.jpg,12.97
blr_19-20.jpg,0.88
blr_19-21.jpg,0.7
blr_19-22.jpg,1.2
blr_19-23.jpg,7.92
blr_19-24.jpg,15.82
blr_19-25.jpg,15.2
blr_19-26.jpg,43.01
blr_62-41.jpg,8.57
blr_62-42.jpg,5.37
blr_62-43.jpg,7.16
blr_62-44.jpg,2.2
blr_62-45.jpg,3.12
blr_62-46.jpg,2.38
blr_62-47.jpg,8.86
blr_62-48.jpg,5.58
blr_62-49.jpg,4.4
blr_62-5.jpg,0.81
blr_62-50.jpg,0.96
blr_62-51.jpg,3.42
blr_62-52.jpg,22.4
blr_62-53.jpg,10.9
blr_62-54.jpg,5.04
blr_62-55.jpg,1.05
blr_62-56.jpg,0.94
blr_62-57.jpg,3.47
blr_65-7.jpg,0.98
blr_65-8.jpg,19.38
blr_65-9.jpg,8.43
blr_66-1.jpg,3.0
blr_66-10.jpg,0.7
blr_66-11.jpg,0.98
blr_66-12.jpg,4.69
blr_66-13.jpg,2.04
blr_66-14.jpg,3.23
blr_66-15.jpg,6.75
blr_66-16.jpg,11.25
blr_66-17.jpg,5.43
blr_66-18.jpg,6.74
blr_66-19.jpg,18.64
blr_66-2.jpg,7.81
blr_66-20.jpg,17.37
blr_66-21.jpg,14.89
blr_66-22.jpg,59.91
blr_66-23.jpg,7.63
blr_66-24.jpg,3.97
blr_72-34.jpg,10.4
blr_72-35.jpg,5.63
blr_72-36.jpg,6.77
blr_72-37.jpg,15.76
blr_72-38.jpg,69.18
blr_72-39.jpg,41.37
blr_72-4.jpg,2.56
blr_72-40.jpg,8.83
blr_72-41.jpg,3.53
blr_72-42.jpg,16.73
blr_72-43.jpg,7.75
blr_72-44.jpg,0.31
blr_72-45.jpg,1.88
blr_72-46.jpg,2.18
blr_72-47.jpg,1.94
blr_72-48.jpg,1.74
blr_72-49.jpg,0.66
blr_72-5.jpg,0.04
blr_72-50.jpg,11.69
blr_23-41.jpg,5.4
blr_23-42.jpg,11.64
blr_23-43.jpg,13.82
blr_23-44.jpg,17.83
blr_23-45.jpg,26.85
blr_23-46.jpg,47.66
blr_23-47.jpg,21.78
blr_23-48.jpg,8.98
blr_23-49.jpg,18.59
blr_23-5.jpg,3.41
blr_23-50.jpg,3.07
blr_23-51.jpg,5.12
blr_23-52.jpg,22.79
blr_23-53.jpg,3.46
blr_23-54.jpg,5.59
blr_23-55.jpg,9.09
blr_23-56.jpg,28.13
blr_1-27.jpg,2.39
blr_1-28.jpg,1.6
blr_1-29.jpg,1.06
blr_1-3.jpg,3.33
blr_1-30.jpg,2.59
blr_1-31.jpg,4.88
blr_1-32.jpg,0.43
blr_1-33.jpg,2.71
blr_1-34.jpg,1.42
blr_1-35.jpg,0.32
blr_1-36.jpg,4.2
blr_1-37.jpg,1.44
blr_1-38.jpg,0.23
blr_1-39.jpg,0.51
blr_1-4.jpg,8.41
blr_1-40.jpg,4.1
blr_1-41.jpg,0.73
blr_1-42.jpg,2.71
blr_15-49.jpg,1.6
blr_16-17.jpg,4.45
blr_16-42.jpg,17.07
blr_17-1.jpg,8.26
blr_17-26.jpg,20.53
blr_17-43.jpg,11.45
blr_17-62.jpg,24.06
blr_18-2.jpg,9.52
blr_18-52.jpg,28.51
blr_18-9.jpg,6.43
blr_19-27.jpg,21.46
blr_19-51.jpg,16.56
blr_19-9.jpg,0.7
blr_2-28.jpg,0.86
blr_2-5.jpg,1.15
blr_20-1.jpg,14.7
blr_20-34.jpg,1.36
blr_17-27.jpg,19.37
blr_17-28.jpg,5.34
blr_17-29.jpg,27.86
blr_17-3.jpg,8.45
blr_17-30.jpg,8.35
blr_17-31.jpg,6.16
blr_17-32.jpg,3.5
blr_17-33.jpg,5.81
blr_17-34.jpg,6.14
blr_17-35.jpg,12.21
blr_17-36.jpg,3.67
blr_17-37.jpg,1.13
blr_17-38.jpg,9.78
blr_17-39.jpg,55.03
blr_17-4.jpg,1.73
blr_17-40.jpg,8.08
blr_17-41.jpg,26.66
blr_17-42.jpg,24.04
